,label,data
0,0,옛날에 그 연극과 신원이가 우리 과 듣다가 좌절한 얘기 못 들었나
1,0,몇 개 들었나
2,0,나 고전문학사 저번에 들었나
3,0,왜 안 들었나
4,0,다 안 들었나
5,0,누가 오토를 따나
6,0,에너지가 딸리나
7,0,왜 때리나
8,0,왜 때리나
9,0,똑같나
10,0,아 걔 이번달에 풀루 뛰나
11,0,보통 그냥 두 개 다 있는 사람 많나
12,0,내 형한테 말했나
13,0,누가 재학 오빠가 말했나
14,0,내가 이거 본 장면이 맞나
15,0,그믄 이게 맞나
16,0,그 말이 맞나
17,0,맞나
18,0,거 맞나
19,0,맞긴 맞나
20,0,하이스트라고 쓴 게 맞나
21,0,열 두 시 수업 맞나
22,0,맞먹나
23,0,팔십이 넘었다 그래서 아우 노인한테 주례를 맡기나
24,0,고기도 먹나
25,0,과연 얼마나 먹나
26,0,어제 한 시까지 먹었나
27,0,여기 아직도 멀으셨나
28,0,재채기하면 이런 냄새 나는 거 모르나
29,0,스타일 보면 모르나
30,0,아 그러면 잘하는 애들도 몰리나
31,0,모래로 문질렀나
32,0,저거 미쳤나
33,0,저 새끼들이 미쳤나
34,0,허허 자네 미쳤나
35,0,얘가 미쳤나
36,0,저게 돌이 미쳤나
37,0,저렇게 뭐 보건복지부 장관이 직접 얘기한다고 바뀌나
38,0,애가 바뀌었나
39,0,유학생들 많이 받겠나
40,0, 배웠나
41,0,갈비집이 그렇게 돈 잘 버나
42,0,그거밖에 못 버나
43,0,버렸나
44,0,차선 변경하나
45,0,차선이 변경하나
46,0,뭘 보나
47,0,내가 모는 것두 아닌데 뭐 하러 주의깊게 보나
48,0, 수학 보나
49,0,그럼 언제 영화를 보나
0,0,채점할 때 우리 나라에서 안 해
1,0,별루 볼 볼 생각도 안 해
2,0,여자가 계속 거부를 해
3,0,딱 둘이서 서게 해
4,0,너네 뭐 해
5,0,그럼 두 시간 해
6,0,선생님은 해석 안 해
7,0,회의를 일찍 해
8,0,삼 대 이 쿼터제 해
9,0,맞음 뭐 해
10,0,그러고 보니까 또 궁금하기도 해
11,0,어떻게 해
12,0,요걸 일단 조정을 해
13,0,원하게 해
14,0,힘들어 해
15,0,막 해
16,0,천 명을 천 명하고 싸워도 이긴다고 해
17,0,왜 자꾸 그 얘길 해
18,0,난 방돌이 인제 더이상 안 해
19,0,같이 해
20,0,되게 많이 생각을 해
21,0,해
22,0,우리 시배들 수고했네 이런 말 안 해
23,0,그래서 내가 너랑 연습을 해
24,0,엄청나게 정치를 잘할 거라는 그런 기대는 안 해
25,0,별루 기대 안 해
26,0,내가 본 애들은 전부 다 말을 잘 해
27,0,아유 못 해
28,0,먹는 걸 본 거 같기두 해
29,0,에쓰 발음을 거의 안 해
30,0,마취 다 해
31,0,짠밥이 얼만데 뭐 이걸 해
32,0,지가 지가 알아서 해
33,0,이거 정리 좀 해
34,0,그걸 어떻게 해
35,0,너 말 안 한다면서 왜 말 해
36,0,애들이 안 해
37,0,지지리 안 해
38,0,그러더니 자기 얘기를 또 막 해
39,0,그리고 아 지금 해 갖고 언제 해
40,0,닐다이아몬드를 납치를 다시 해
41,0,막 그런 식으로 계속 얘기를 해
42,0,그 여자가 인제 인식을 해
43,0,그까 위협 도구로만 사용을 해
44,0,걔는 머리 쓰는 것만 하고 액션은 잘 못 해
45,0,남이 오바이트 하는 거 보면 오바이트 같이 해
46,0,그거 어떻게 욕을 해
47,0,헌법 수정 오조를 쓰도록 해
48,0,나 물 조절 못 해
49,0,나 밥 못 해
0,0,특별히 차이가 없지 않았나
1,0,이렇게 올려놓지 않았나
2,0,은지 씨가 그걸 막 하지 않았나
3,0,일년 있는 걸로 하고서 오지 않았나
4,0,백일 백일 휴가 나올 때 되지 않았나
5,0,뭐 영화 같은 거 하지 않았나
6,0,여자 친구 있다 그러지 않았나
7,0,여명두 나이가 정말 한 사십대 되지 않았나
8,0,옛날에는 저기 자대까지 알 수 있다 막 그러지 않았었나
9,0,랑 좀 친하지 않았었나
10,0,이가 먼저 알았나
11,0,저번에 한 번 얘기했나
12,0,남북한 전쟁 나면 어떡하나
13,0,어뜩하나
14,0,여자 안에 있나 없나
15,0,여기는 군대 가는 사람 아무도 없나
16,0,없나
18,0,어 영어 회화 재수강하는 애 없나
19,0,그런 욕심 없나
20,0,혹시나 신형섭이라는 사람이 있나 없나
21,0,할 그런 거 없나
22,0,나밖에 없나
23,0,그럼 좀 어떻게 할 수 없나
24,0,콘솔에 대한 질문 없나
25,0,크게 보는 게 뭐가 없나
26,0,큰 그림 없나
27,0,뭐 없나
28,0,저 저 거 없나
29,0,치 고칠 수는 없나
30,0,없나 없나
32,0,토론 막 백분토론 이런 거 없나
33,0,옛날에 영어 공용화 했던 거 뭐 이렇게 인터넷 화면 이런 거 없나
34,0,뭔가 좀 활기차고 좀 이렇게 액티브한 방학 보낼 수 없나
35,0,재미 없나
36,0,머리 좋은 사람 없나
37,0,하나로 나오는 거 없나
38,0,휴지통 없나
39,0,너랑 너랑 한번도 가 본 적 없나
40,0,이렇게 중동이었던 적은 없었나
41,0,여깄나
42,0,역무비였나
43,0,항상 이렇 이렇게 열었나
44,0,무슨 일 있나 왜 이렇게 수업을 안 오나
45,0,왜 안 오나
46,0,아버지 오셨나
47,0,지금까지 삼 점 육까지 올렸나
48,0,일단 그 중간에 니들도 한 번쯤 아마 걸으면서 그런 생각이 들었을 거야 내가 왜 왔나
49,0,아무튼 내가 안 왔나
0,0,보름 있었나
1,0,저 도대체 몇 시에 자나
2,0,내가 또 이해가 잘못됐나
3,0,내가 눈이 잘못됐나
4,0,그럼 웅범이가 뭐 마킹을 잘못했나
5,0,아니 월남치마에 가죽 잠바였나
6,0,어떻게 알고 또 저 그 순대 팔다가 또 손 잡혔나
7,0,세 시간 잤나
8,0,그래 어제 어제 두 시간 잤나
9,0,장난하나
10,0,아이씨 장난하나
11,0,쟤가 왜 저러나
12,0,영순이가 그 조였나
13,0,졸업했나
14,0,그럼 좋나
15,0,오늘은 기분이 안 좋나
16,0,첫 번째 항은 별로 안 좋나
17,0, 자동차 좋아하나
18,0,오빠 말대로 하면 쎄컨드를 좋아하나
19,0,내가 그렇게까지 사람 상처 주면서 떠날 만큼 또 얘를 좋아하나
20,0,컵 안 바꿔 주나
21,0,육군 그것밖에 못 해 주나
22,0,육군은 그렇게 안 해 주나
23,0,열쇠를 주나
24,0,요샌 그 사탕을 많이 주나
25,0,지지난 주였나
26,0,그 공주 죽 죽 죽었나
27,0,죽었나
28,0,여기 김밥 이게 한 줄이겠나 두 줄이겠나
29,0,여기 김밥 이게 한 줄이겠나
30,0,가르켜 줬나
31,0,언제 한번 얘기해 줬나
32,0, 그 얘기 해 줬나
33,0,어 반응에 대해서 얘기해 줬나
34,0,사학과라 붙여 줬나
35,0,그런다고 안보가 지켜지나
36,0,어우 나 집착이었나
37,0,쩜프랬나
38,0,그 또 다른 거 뭐 찍었나
39,0,아 그러면 이제 자네는 이제 이제 짝을 자 잘 찾았나
40,0,근데 컴활 일급도 워드 일급으로 같이 쳐주나
41,0,아버지를 초월하나
42,0,방관적인 입장을 취하나
43,0,육이랬나 삼 점 칠이랬나
44,0,다른 사람들이 인제 아 콘도였나
45,0,트럭이랬나
46,0,매장에서 판매 판매했나
47,0,작년엔 팔십이었나
48,0,근데 나는 어 나두 그거 민지 내가 그걸 민자한테 팔았나
49,0,근데 그거를 꼭 병장들이 피나
0,0,그렇게 바람을 피나
1,0,그냥 지방에서도 하나
2,0,뭐 항일 투쟁이야 전쟁 하나
3,0,장난 하나
4,0,뭐 명지대 이런 데 가 봐 애들이 그렇게 하나
5,0,아 는 또 뭐 하나
6,0,어떡해야 하나
7,0,몰라서 이런 소리 하나
8,0,교육을 하나
9,0,표현을 안 한다고 해야 하나
10,0,잘 해야지 좋아만 하면 뭐 하나
11,0,남자 친구가 공분 잘 하나
12,0,뭘 하나
13,0,많이 하나
14,0,신촌 이런 데 그 정도 하나
15,0,뭐 한 시간 해야 하나
16,0,삼급 삼급은 안 하나
17,0,니 말 안 하나
19,0,아르바이트 학생들 따로 하나
20,0,이런 거 알아서 뭐 하나
21,0,안 하나
22,0,라고 하나
23,0,겨울은 원주만 하나
24,0,편식을 하나
25,0,다음 학기에는 채플 들어야 하나
26,0, 뭐 할지는 당신들한테 내가 말을 해 주어야 하나
27,0,아 내 친구는 그까 친구들 결혼할 때마다 그 사탕 부케라고 하나
28,0,요즘은 부케루 뭘 많이 하나
29,0,유월달 칠월달까지 하나
30,0,재밌다고 하나
31,0,한 한진이었나
32,0,물질적인 부분에 해당되나
33,0,그동안 뭐 했나
34,0,현금을 했나
35,0,뭐 개고기로 설문 조사 했나
36,0,아니면 자발적이 된다고 했나
37,0,자발성을 유발한다고 했나
38,0,세 명이 분명히 로그인해 아 이 형도 했고 이 형도 했나
39,0,공일 때 뭐 했나
40,0,스물 스물다섯에 했나
41,0,아직 개봉 안 했나
42,0,한 두 번 두세 번 했나
43,0,취직 많이 했나
44,0,안 했나
45,0,어법 다 했나
46,0,이가 취직만 하면 결혼한다 안 했나
47,0,뽀순이가 잘 했나
48,0,했나
49,0,이퀄라이저 했나
0,0,표를 내냐
1,0, 냐
2,0,너 학점 널널하냐
3,0,식당에다 넘기겠냐
4,0,어디에다 팔아 넘기겠냐
5,0,연기 진짜 못 해 왜 걔를 넜냐
6,0,몇 년생이냐
7,0,넌 논산이냐
8,0,왜 띠워 놓냐
9,0,얘 누 누구냐
10,0,소대장이 누구냐에
11,0,옛날에 그 그 누구냐
12,0,자료를 쌓아 놓고 한 곳에서 집중해서 봐야 되는 사람이 누구냐
13,0,누구냐
14,0,누구냐
15,0,누구냐
16,0,누구냐
17,0,그러면은 뭐 누구냐
18,0,저 뭐야 하구 누구냐
19,0,뭐 승아 그때 승아였냐 누구였냐
20,0,야 이가 느끼하냐 내가 더 느끼하냐
21,0,야 이가 느끼하냐
22,0,늙었냐
24,0,우리 울트라 닛폰이냐
25,0,머리만 길믄 다냐
26,0,학기 중에 너는 그 학원 안 다녔었냐
27,0,근데 말이 왜 진혜 말하고 니 말하고 다르냐
28,0,닫었냐
29,0,여자는 언제쯤 그게 달라지냐
30,0,닭이냐
31,0,닮았냐
32,0,이게 보아랑 닮았냐
33,0,왜 당연하냐
34,0,근데 우리가 당연하냐
35,0,그러니 웬만큼 벌어서 어디 당하겠냐
36,0,이 새 이 새끼가 대부냐
37,0,지배인이 거기 대빵이냐
38,0,학굔 어떻게 댕겼냐
39,0,설탕 덩어리냐
40,0,회계가 뭐 하는 데냐
41,0,슬기야 너 근데 왜 도망쳤냐
42,0,아니 개 다음에 돼지냐
43,0,근데 이 형 집에 안 들어간 지 며칠 됐냐
44,0,야 인 어떻게 됐냐
45,0,넌 남산타워 가 본 지 오래 됐냐
46,0,솔직히 터미네이터 당시 나왔을 때 말이 됐었냐
47,0,이런 사람이 정권 잡으면 어떻게 되겠냐
48,0,아무나 다 하면 되겠냐
49,0,나까지 때려서도 되겠냐
0,0,어쩐 줄 아냐
1,0,니가 무슨 말했는 줄이나 아냐
2,0,뭔지 아냐
3,0,독해 문제가 쉬운 줄 아냐
4,0,그 십 오 분이라는 영화 아냐
5,0,그 살인 미소가 어디서 나온 말인지 아냐
6,0,그 얘기 아냐
7,0,아 근데 충전 그거 아냐
8,0,젤 쎈 건 뭔지 아냐
9,0,그거 아냐
10,0,거 아냐
11,0,내가 아냐
12,0,오늘 얼마 얼마나 웃겼는지 아냐
13,0,너네 그거 아냐
14,0,너 요즘에 얼마나 까다로운지 아냐
15,0,거 어떻게 아냐
16,0,군대 간 애들 주소 아냐
17,0,아 근데 구현정 교수님 어떻게 아냐
18,0,내가 얼마나 욕 먹었는지 아냐
19,0,하나는 또 어쩐지 아냐
20,0,뭐라 그런 줄 아냐
21,0,그 주례하는 사람이 몇 살인 줄 아냐
22,0,야 뭐 그런 일만 있는 줄 아냐
23,0,그런 애들은 또 그런 애들 나름으로 사는 방법 아니겠냐
24,0,그런 멋진 남자애를 또 봤다는 거 아니겠냐
25,0,이런 사람도 저런 사람도 있고 다양 다양한 거 아니냐
26,0,사진이 일촌 공개냐 아니냐
27,0,너나 나나 막 고만둘 쯤에 거의 과도기 아니냐
28,0,인제 안 좋아하는 거 아니냐
29,0,그리고 정서 반응에 민감한 세대는 너무 또 주관적인 거 아니냐
30,0,옛날부터 우리가 주장했던 거 아니냐
31,0,베트남전 식으로 가는 거 아니냐
32,0,이거 니 핸드폰 아니냐
33,0,최고 직장 아니냐
34,0,쿼터냐 아니냐
35,0,이제 자기한텐 기회가 없었던 거 아니냐
36,0,노트북 좌석이냐 아니냐가
37,0,선거 때 공약으로 들어간 거라  정당성을 확보한 게 아니냐
38,0,근까 세계화를 위해서 이거를 끌어온 게 아니냐라고
39,0,국가가 민족성을 근까 이용한 것이냐 아니냐
40,0,그거 좀 오바 아니냐
41,0,만약에 더 들어가느냐 아니냐
42,0,그거 되게 오래된 거 아니냐
43,0,너 그거 돈 많이 벌어서 하는 거 아니냐
44,0,자기 영남 색을 벗을 생각이 없었던 거 아니냐
45,0,그쪽 계열 아니냐
46,0,죽으라면 죽고 살면 살고 그거 아니냐
47,0,그러면서 뜰 수도 있는 거 아니냐
48,0,지도자를 통해서 바꿔 주시는 거 아니냐
49,0,많은 대중을 포섭할 수 있는 건 보아 아니냐
0,0,근데 안 내도 되지 않냐
1,0,진짜 이쁘지 않냐
2,0,책밖에 없지 않냐
3,0,이거 반지 꼈을 때 느낌이  않냐
4,0,완벽하지 않냐
5,0,나 너무 잘 타지 않냐
6,0,좀 춥구 그렇지 않냐
7,0,야 그거면 학점 포기도 해도 되지 않냐
8,0,너네 수업 있지 않냐
9,0,지 진짜 좀 있으면 수업 있지 않냐
10,0,그럴 거 같지 않냐
11,0,근데 우준 씨 엄청 착하지 않냐
12,0,근데 약간 톡 쏘니까 독하지 않냐
13,0,전화하면서 괜히 욕하 막 걔 되게 이상하지 않냐
14,0,꼭 모양이 우리 아빠 배 같지 않냐
15,0,그 생각 나지 않냐
16,0,막 소외감 느껴지지 않냐
17,0,이상하지 않냐
18,0,근데 꼭 그렇지 않냐
19,0,카타르시스 같은 게 느껴지지 않냐
20,0,아 너 옛날에 아나운서가 꿈이라고 하지 않았냐
21,0,야 그래도 이거보단 이게 마르지 않았냐
22,0,평생 가 가지구 지 병장 달 때두 고참들이 막 씨발 넌 옛날에 그러지 않았냐
23,0,김정일이 능력이 없대는 둥 뭐 그런 얘기 많이 나오지 않았냐
24,0,새같이 생기지 않았냐
25,0,걔 좀 앵무새 같이 생기지 않았냐
26,0,요기 이런 데 긁지 말라고 그러지 않았냐
27,0,너 너 그날 이후로 키도 좀 늘지 않았냐
28,0,한 달 안 되지 않았냐
29,0,그런 식으로 흘르지 않았냐
30,0,팀버튼이 삼 편 찍지 않았냐
31,0,그래 가지고 또 이가 또 십이월 삼십일날 잠적하지 않았냐
32,0,아 진짜 재미있지 않았냐
33,0,그건 좀 심하지 않았냐
34,0,그때 니 안 다니지 않았냐
35,0,잘 쓰지 않았냐
36,0,야 나 일자로 되지 않았냐
37,0,딴 나라에서 뭐 하지 않았냐
38,0,수련회마다 다 비슷하게 생기지 않았냐
39,0,그 주사를 불에다 이렇게 소독하지 않았냐
40,0,말이 없어지지 않았냐
41,0,할려구 하지 않았었냐
42,0,거의 뭐 사차원을 주름잡지 않았었냐
43,0,삼학년 처음 복학해서 바로 보지 않았었냐
44,0,우리 순대볶음도 시키지 않았었냐
45,0, 하지 않았었냐
46,0,근데 씨발 초등 학교 중학교 다니는 애들이 세이빙스 세이빙스 뱅스를 뭔지 알겠냐
47,0,그게 누구한테는 스트레스가 약이겠냐
48,0,그게 젊어 보인다는 얘기냐
49,0,배 사무원보고 책임지란 얘기냐
0,0,책 있냐
1,0,뭐 있냐
2,0,안 그러고서야 니가 이렇게 걸을 리가 있냐
3,0,빠꾸 당한 애들두 있냐
4,0,그래 가지구 내가 너는 나랑 계속 만날 생각은 있냐
5,0,임용 고시 허가 있냐
6,0,니네 학교에 후배 중 괜찮은 애 있냐
7,0,그때 신영이 형이랑 너 있었냐
8,0,담배 술 여자까지 있었냐
9,0,근데 우리 나라 좋은 제도 들어와서 그 좋은 제도 제대루 쓰인 적이 한 번이라두 있었냐
10,0,진짜  맨날 이러구 있었냐
11,0,참 여러 파트가 있잖냐
12,0,그런 게 있잖냐
13,0,즐거움들 있잖냐
14,0,그런 거 있잖냐
15,0,요즘에 누가 두 다리 쭉 뻗고 자냐
16,0,장난치냐
17,0,근데 그게 재밌겠냐
18,0,재밌냐
22,0,재밌었니 그거 재밌냐
23,0,디지털 저거냐
24,0,십자군 전쟁이 종교 전쟁이냐
25,0,십자군 운동이 종교 전쟁이냐
27,0,당신은 젊었냐
28,0,몇 점이냐
29,0,군인 쪽으로도 같으면서도 사회에 접했냐
31,0, 이번에 졸업했냐
32,0,어떤 남자 친구가 기분 좋겠냐
33,0,그래서 뭐 일년에 회비 내면 얼마가 좋겠냐
34,0,너는 니가 택시 타고 니 돈 내고 욕 먹으면 기분 좋냐
35,0,걔는 끝이 안 좋냐
36,0,좋냐
37,0,그런 건 안 좋냐
38,0,파워도 원래 좋냐
39,0,아이 어디가 좋냐가
40,0,공공칠 좋아하냐
41,0,고형진이 왜 백석 시를 좋아하냐에
42,0,피부가 그렇게 좋았냐
43,0,노트북 좌석이냐
44,0,무슨 죄졌냐
45,0,밥값도 안 주냐
46,0,누가 인계를 해 주냐
47,0,왜 물도 안 주냐
48,0,아주 중요하냐
49,0,근데 그게 중요하냐
0,0,그 인계를 누가 하냐
1,0,아니 왜 안 하냐
2,0,이렇게 무서운 거만 하냐
3,0,어우 연기를 뭐 저 따위로 하냐
4,0,실질적으로 중요한 건 뭐 어떤 일을 하냐
5,0,니네들은 뭐 제대로 치고 하냐
6,0,에이씨 뭐 그런 걸 하냐
7,0,뭐를 할 생각을 뭘 하냐
8,0,근데 무슨 암이길래 저렇게 수술을 하냐
9,0,갑자기 이런 말 하냐
10,0,그 교회에서는 그런 거 불 보지 않기 그런 운동은 안 하냐
11,0,그걸 어떻게 이해를 못 하냐
12,0,그럼 뭐 하냐
13,0,돈도 모을려고 하면 얼마나 고생을 또 많이 하냐
14,0,너는 느그 집에서도 으 그렇게 나이 먹은 선생님한테 하듯이 하냐
15,0,너는 왜 그렇게 못 하냐
16,0,뭐 하냐
17,0,걔는 뭐 하냐
18,0,너희 서열 하냐
19,0,엄마랑 싸우는데 열 내서 뭐 하냐
20,0,니네는 말랑말랑한 거 그런 거 하냐
21,0,그 탄압은 안 하냐
22,0,니가 좀 하냐
23,0,한 스타 스타도 아직도 하냐
25,0,그래서 또 쓱 물어 봤지 오늘 아침에  너 이사한테 뭐 어떻게 했길래 이사가 전화질을 다 하냐
26,0,너 소개팅 하냐
27,0,너네는 아줌마들이 하냐
28,0,근데 말이 쉬라는 거지 올라가 봐야 쉬게 하냐
29,0,그럼 니가 안 하면 누가 하냐
30,0,우리 언니랑 어쩜 저렇게 하얗냐
31,0,삼십 이십구 학점이냐
32,0,아 전지현이 했냐
33,0,뭐 했냐
34,0,실질적으론 그게 얼마만큼 작용을 했냐
35,0,가공을 많이 했냐
36,0,니가 왜 이렇게 조율을 못 했냐
37,0,몇 시간 했냐
38,0,와호장룡 뭐라고 했냐
39,0,그래서 내가 너 뭐 했냐
40,0,뭐 했냐
41,0,얘기를 안 했냐
42,0,너는 했냐
43,0,내가 사 준 거 했냐
44,0,그거는 했냐
45,0,정민이 넌 방학 때 뭐 했냐
46,0,너 방학 때 뭐 했냐
47,0,너한텐 얘기 안 했냐
48,0,신부 수업 했냐
49,0,진영아 너 일년 동안 뭐 했냐
0,0,아 그러면 한 오년 있다 가겠네
1,0,그럼 목동으로 가겠네
2,0,현역으로 가겠네
3,0,종혁이가 제일 먼저 가겠네
4,0,아 되게 가깝네
5,0,나도 못 가네
6,0,엠티 가네
7,0,가두 여자만 가득하네
8,0,아이 가시네
9,0,남녀가 좀 바뀐 거 같겠네
10,0,그럼 확실히 서  거 같네
11,0,여덟 개 열 개네
12,0,두 개네
13,0,두 개네
14,0,쉬운 거네
15,0,난 유토 메인만 하면 되는 거네
16,0,그럼 선희도 쏘는 거네
17,0,글구 딱 방향도 다 나눠 논  거네
18,0,이거는 진짜루 딱 주제가 정해진 거네
19,0,그게 이십분에 일 압축하는 거네
20,0,하기야 교장 선생님도 욕먹어 가면서 자기도 욕먹어 가면서 하는 거네
21,0,일 분당 두 문제 이상 풀어 재껴야 된다는 거네
22,0,유투 시스템하고 같은 거네
23,0,여기 쓰고 있는 거네
24,0,아우 진짜 아픈 거네
25,0,완전 겁 주는 거네
26,0,얘는 새로 나온 거네
27,0,이게 쏘니 거네
28,0,교회 뭐 그런 하는 거네
29,0,아버님은 항암 치료는 안 하시는 거네
30,0,의자 상당히 거슬리네
31,0,사다리 만들다가 한 시간 걸리겠네
32,0,사다리 타는 데도 한참 걸리겠네
33,0,취미이자 계획이자 미래에 계획이네
34,0,그거 어떻게 해야 될지 고민되네
35,0,잘 고쳤네
36,0,남자애네 과외네
37,0,그런 흐름들이 있으면 괜찮겠네
38,0,화질은 괜찮겠네
39,0,괜찮네
40,0,이 정도면 괜찮네
41,0,이거 괜찮네
42,0,아 거 되게 궁금하네
43,0,귀염직스럽네
44,0,말투가 상당히 귀엽네
45,0,아 사람 참 많아 귀찮네
46,0,그거네
47,0,그타면 프로듀서 액터 액터랑 액터 포르노 그래피네
48,0,메일 내 거로 해 놓을걸 그랬네
49,0,그러네
0,0,되게 난감하네
1,0,되게 난해하네
2,0,진짜 며칠 안 남았네
3,0,많이 남았네
4,0,얼마 안 남았네
5,0,사십 분 남았네
6,0,많이도 남았네
7,0,자식은 잘 낳겠네
8,0,너무하네
9,0,아이 너무하네
10,0,아 아줌마 너무하시네
11,0,한자 괄호 넣기네
12,0,네
13,0,네
14,0,쩝쩝쩝 소리만 녹음되겠네
15,0,우리 오빠 갖고 놀겠네
16,0,아 선생님 진짜 깜짝 놀랐네
17,0,선생님 깜짝 놀랬네
18,0,뭐 어려운 말을 써 놨네
19,0,이쁘면 더 좋지 흐흐 이렇게 해 놨네
20,0,아 좀 느끼하네
21,0,그럼 영어 별로 안 늘었겠네
22,0,늦겠네
23,0,많이 다녔네
24,0,좋은 중학교 다녔네
25,0,요번에도 학교 다니네
26,0,안 다닐 거라고 생각했는데 다니네
27,0,어우 정말 다르네
28,0,너는 나하구 다르네
29,0,다행이네
30,0,조재훈이 없었던 게 다행이네
32,0,문 닫았네
33,0,닮았네
34,0,가 당황했겠네
35,0,어 대단하시네
36,0,대단하네
37,0,그러면 되게 좋은 대학교네
38,0,덥네
39,0,아 돌겠네
40,0,많이 돌아갔네
41,0,잘 돌아다녔겠네
42,0,돌아왔네
43,0,돌이네
44,0,얼마 안 됐네
45,0,모범생 됐네
46,0,십 분에 녹음했으니까 십 오분 됐네
47,0,그래 아직 삼십 분도 안 됐네
48,0,아홉 시도 안 됐네
49,0,도 본 지 꽤 됐네
0,0,맞네
1,0,내 생각이 맞네
2,0,겨우 넣어 가지구 딱 맞네
4,0,어 맛있는 거 다 많이 못 먹었네
5,0,게다가 또 커피를 두 잔씩이나 먹었네
6,0,그럼 딱 열 명이네
7,0,아님 두 명이네
8,0,녹음 잘 오빠 목소리가 녹음이 잘 됐나 모르겠네
9,0,모르겠네
10,0,어떻게 될지 모르겠네
11,0,아나 모르겠네
12,0,난 하나도 모르겠네
13,0,글쎄 잘 모르겠네
14,0,나도 잘 모르겠네
15,0,잘 모르겠네
16,0,시간 될지 모르겠네
17,0,나 같은 경우는 잘 모르겠네
18,0,민이 형은 진짜 삐진 거 같은데 모르겠네
20,0,뒤에는 모르겠네
21,0,그러구 보니까 지금 연대에서 뭐 기여 입학제 한다구 뭐 말이 많은데 뭐 어떻게 될지 모르겠네
22,0,일제에 어떤 그 만행이나 아니면 그런 걸 되새긴다구 하던데 모르겠네
23,0,난 몰랐네
24,0,좋은 차 많이 몰았겠네
25,0,그러다가 딱 보더니 아 못생겼네
26,0,발표를 너무 못하네
27,0,우와 이거 술잔 되게 무겁네
28,0, 되게 무섭다 남자 애들이 화내니까 되게 무섭네
29,0, 화내니까 되게 무섭네
30,0,어이 얘가 또 나의 상상력을 무시하네
31,0,내가 문제네
33,0,그렇게 얘기하니까 미안하네
34,0,아 미치겠네
35,0,참 미치겠네
36,0,미치겠네
37,0,미팅이네
39,0,바꿔야겠네
40,0,어 반지 이 정도로 바꿨네
41,0,드라마 바뀌었네
42,0,아 이거 바뀌었네
43,0,분위기로 바뀌네
44,0,너가 바보네
45,0,헤 하이고 바쁘겠네
46,0,시원한 바탕화면이네
47,0,아유 반갑네
48,0,이번주 금요일날에 방학이네
49,0,진짜 배고프네
0,0,염색했네
1,0,는 점점 예뻐지네
2,0,줄 예쁘네
3,0,모두 다 안 오는 안 오네
4,0,빨리 오네
5,0,이모 오셨네
6,0,오타네
7,0,안심이 딱 되니까 술이 확 올라오네
8,0,어 가격이 올랐네
9,0,오빠한테 전화 왔네
10,0,어 이제 인제 다 왔네
11,0,전화 왔네
12,0,정희 오늘 깔끔하게 하고 왔네
13,0,안 써 올 줄 알았더니 써 왔네
14,0,부재중 전화가 왔었네
15,0,외제차네
16,0,아휴 날씨 또 이렇게 쨍쨍하니까 우울하네
17,0,어 몸이 안 움직이네
18,0,아 진짜 웃기네
19,0,정말 웃기네
20,0,만 사천 원이네
21,0,위압당했겠네
22,0,그럼 유리하겠네
23,0,여기 유명하네
24,0,유방암이네
25,0,영 점 육이네
26,0,그럼 우리 나라 남자 사대 의무네
27,0,완전 이거네
28,0,음 쓸데없이 했는데도 이겼네
29,0,그럼 너 이급이네
30,0,이네
31,0,독한 이네
32,0,이번이네
33,0,이쁘네
34,0,이상하네
35,0,무조건 쟤 이상하네
37,0,일났네
38,0,일찍 일어났네
39,0,일찍 일어났네
40,0,이해할 수 없는 일이네
41,0,야 신기한 일이네
42,0, 차장님  있겠네
43,0,그 차이는 보여 줄 수 있겠네
44,0,이런 것도 있겠네
45,0,또 골라서 쓰면 또 쓸 수는 있겠네
46,0,아 이 아 그 여자애 있네
47,0,와 출석도 안 부르고 있네
48,0,재담 원래 남녀 관계라는 게 제삼자 입장에서 볼 때는 진짜 쌩쑈 하고 있네
49,0,있네
0,0,쫄았네
1,0,아유 쫄았네
2,0,어 저렇게 해서 되게 가까이서 잘 찍었네
3,0,일 편밖에 안 찍었네
4,0,에어리언 일 편밖에 안 찍었네
5,0,맥주가 별로 별로 안 차갑 안 차갑네
6,0,천 원 차이네
7,0,내가 참여해야겠네
8,0,이거 잘못 채점했네
9,0,생각하고 있는 건 생전 또 처음이네
10,0,척하네
11,0,어제가 첫날밤이었겠네
12,0,밥 먹다가 십분 있다가 한 밥 먹다가 어떤 어떤 기타리스트가 잘 치네
14,0,얘네들 판 치네
15,0,그러면 다 술 친구겠네
16,0,악마 같은 여자가 아니라 악마 같은 친구들이네
17,0,칠십구년이네
19,0,그럼 교정하면은 키가 더 커지겠네
20,0,많이 컸네
21,0,크네
22,0,큰일났네
23,0,큰일났네
25,0,큰일났네
26,0,그래 가지구 엄마가 막 아이구 우리 딸 큰일났네
28,0,야 큰일이네
29,0,큰일이네
30,0,큰일이네
31,0,클났네
33,0,거기서 현진 씨가 젤 터줏대감이네
34,0,완벽한 토박이네
35,0,투네
39,0,확 튀네
40,0,어 틀리네
41,0,말이 틀리네
42,0,음 좀 틀리네
43,0,틀리네
44,0,좀 빠른 편이네
45,0,편하겠네
46,0,그럼 하겠네
47,0,아 십칠일은 공휴일이니까 십육일 날 하겠네
48,0,그런 사람들이 동아릴 하겠네
49,0,너 그러면은 괜히 번거롭기만 하겠네
0,0,뭐 말을 못 하겠네
1,0,배우도 하네
2,0,아 진짜 허무하다 미치게 하네
3,0,안 하네
4,0,진짜 잘 하네
5,0,아 아줌마 아줌마 하네
6,0,어 좀 뻘소리 하네
7,0,단백질 보충 많이 하네
8,0,다 있긴 하네
9,0,어우 잘 하네
10,0,아 아무도 대꾸 안 하네
11,0,임페리얼도 오만 원밖에 안 하네
12,0,아 오늘 경기 잘 하네
13,0,어려 어려운 말 하네
14,0,정말 잘난 척을 하네
15,0,별로 대화를 안 하네
16,0,빨리두 하셨네
17,0,많이 하셨네
18,0,잘 해야겠네
19,0,이십 개 해야겠네
20,0,학술적인 얘기를 해야겠네
21,0,전형적인 핵가족이네
22,0, 했겠네
23,0,열심히 했네
24,0,많이 했네
25,0,유명한 거 별루 안 했네
26,0,잘 했네
28,0,들었는데 그 다음에 안 했네
29,0,많이 했네
30,0,공부 많이 했네
31,0,여기 했네
32,0,그래 그럼 잘 했네
33,0,오 그 오 언니는 또 이해를 했네
34,0,야 많이 했네
35,0,잘 했네
36,0,많이 했네
37,0,그럼 계속 부대껴야 했었네
38,0,군대 가기 전에 아무리 좋아도 말짱 헛거네
39,0,헷깔리네
40,0,어떻게 보면 현실적이네
41,0,현역이네
42,0,이런 화이트데이네
43,0,게다가 또 이학년 때 회장이었네
44,0,사일구는 휘날레네
45,0,현대판 흥보전이네
46,0,흥보전이네
47,0,야 나는 그 그거 희한하네
48,0,힘드네
49,0,너는 컨닝이 좀 힘들겠네
0,0,얘기를 하는 거는 되게 진심 같앴다
1,0,야 그래도 별 별 일곱 개다
2,0,세 개다
3,0,아 의자는 네 개였다
4,0,안 그럼 모를 거다
5,0,근데 저쪽 땅은 다 남의 거다
6,0,그 다음 이게 그 중간 거다
7,0,밥 사 주는 거다
8,0,뭐 나 부르는 줄 알구 이렇게 쳐다보고 뭐 그런 거다
9,0,몸무게 육십 키로 안 나갈 거다
10,0,비가 억수로 오는 거다
11,0,나는 생각을 갖고 뭐 하는 거다
12,0,얘길 할 거다
13,0,우리는 자발적으로 선택한 거다
14,0,일이 일이를 딱 다 묶는 거다
15,0,펜대 굴리는 게 제일 좋은 거다
16,0,웃으면서 이렇게 얘기했는데 이 여자가 난 싫다고 분명히 얘기를 했는데 당신 친구가 불 보낸 거다
17,0,자기는 안 받을 거다
18,0,아마 지금 고민이 좀 많을 거다
19,0,이게 틀린 거다
20,0,이거 진짜 추한 거다
21,0,크기로 나눠 주는 거다
22,0,여론 조사 같이 일부를 조사하는 거다
23,0,저기 아 아 저 옛날 거다
24,0,음 저 대통령 되면 오히려 나라가 더 혼란스러워질 거다
25,0,엘고어가 자기 편을 잘 못 챙겨서 그런 거다
26,0,당신이 설득을 해 봐라 우리 셋은 당신의 팬이니까 막 그 말은 들을 거다
27,0,그 얘기를 해 가지구 들어온 거다
28,0,아 이거 저기 거다
29,0,만약에 부부라면은 분명히 이렇게 오래된 부부라면은 이런 정도에 권태기는 올 거다
30,0,그럼 붙는 거다
31,0,어이가 뺨을 때려 막 이러 이러는데 흥얼흥얼 막 거렸다
32,0,아이 그거 너무 거만하다
33,0,저 여자가 아 저 여잔 줄 알고 쏜 거였다
34,0,거칠다
35,0,이번에도 또 걸렸다
36,0,한 삼십 분 걸리겠다
37,0,나 같으면 걸어가겠다
38,0,하는 것이다
39,0,근까 이거는 비즈니스맨을 위한 것이다
40,0,이런  것이다
41,0,어떤 모집단의 분포를 나타낸 것이다
42,0,공학용 계산기라고 하는 것이다
43,0,올바를 것이다
44,0,동력을 제공하는 것이다
45,0,즉 모순의 과정에 의한 것이다
46,0,단지 역사적 변화들의 집합체에 의해 나타난 것이다
47,0,모던 에이지를 밀어내고 시작한 것이다
48,0,근대 시기를 지나고 나서 나온 것이다
49,0,그것은 미래에 가능한 일일 것이다
0,0,뭐 지구 온난화 이야기까지 나왔다
1,0,물랑루즈 오에스티 투가 나왔다
2,0,반지 나왔다
3,0,잘 나왔다
4,0,배가 고파서 철판볶음밥이 먹고 싶어서 혼자 들어가서 볶음밥을 먹고 딱 나왔다
5,0,아 뭐 어떤 주제가 나와도 난감하다
6,0,좀 난감하다
7,0,오티 가서 난감했다
8,0,방송국에서 터지면 난리다
9,0,고발해야 된다 난리다
10,0,맨날 저보구 막 날씬하다
11,0,너 나갔으니까 인제 나두 이주 남았다
12,0,난 진짜 뭐 빽두 아닌데 어떻게 운 좋아서 군단에 남았다야
13,0,엄청 남았다
14,0,민준 오빠 뭐 제대할 날 얼마 안 남었다
15,0,손님들이 구경하다가 이제는 갔어 다 우리만 남었다
16,0,그 남자다
17,0,보시는 게 낫겠다
18,0,좀 낫다
19,0,훈련 조교가 차라리 낫긴 낫다
20,0,그게 더 낫다
21,0,이게 낫다
22,0,이게 낫다
23,0,나가는 게 낫다
24,0,그래도 다른 예물보다 낫다
25,0,던킨도너츠보단 낫다
26,0,진짜 너 말 들어 보니까 너도 화가 났겟다
27,0,야 큰일 났다
28,0,기억이 안 났었는데 아 맞다 하고 생각이 났다
29,0,이제 큰일 났다
30,0,나는 또 나름대로 신이 났다
31,0,애를 둘 났는데 별 문제 없이 났다
32,0,흡수율이 낮다
33,0,낮다
34,0,이십육 개월이면 빨리 하면 애 셋두 낳겠다
35,0,난 십육만 원 주고 난 매직 할 엄두도 못 내겠다
36,0,딱 내려 같이 내렸다
37,0,다 짤라 냈겠다
38,0,야야 술값 오천 원 냈다
39,0,자기가 어떤 걸 딱 냈다
40,0,그게 너무하다
41,0,너무하다
42,0,어 너무하다
43,0,그냥 마음으로 생각할 때는 아 너무했다
44,0,아 너무했다
45,0,아 안 변해 안 변해 너무했다
46,0,애들한텐 너무했다
47,0,아 너무했다
48,0,그래도 너무했다
49,0,삼학년 일학기 때 사점 영을 넘었다
0,0,저 정도면 사귈 만하다
1,0,그냥이란 말 되게 많겠다
2,0,아 사람 많겠다
3,0,진짜 많다
5,0,근대성이 가지고 있는 다의성을 설명하기 복잡하고 논쟁의 여지가 많다
6,0,같은 말이라도 주름이 너무 많다
7,0,하다 되게 많다
8,0,요새 좋은 건 비싼 게 더 많다
9,0,진짜 많다
10,0,가운데 승자 들어가는 사람이 노래도 잘 부르고 인기도 많다
11,0,티비 되게 많다
12,0,아 나보단 한 살 더 많다
13,0,야 이거 밥도 되게 많다
14,0,이제 타임키즈가 훨씬 많다
15,0,돈도 진짜 많다
16,0,주중에는 되게 많다
17,0,방독면 분량이 되게 많다
18,0,그런 거지만 그래도 하면서 진짜 스트레스가 많았다
19,0,진짜 장난 아니게 인기 많았다
20,0,너희가 더 말랐다
21,0,피에스비아인트호벤이 지금 페예노르트에 그 완전히 작전에 말렸다
22,0,그거 보지 말아야겠다
23,0,여기 오지 말아야겠다
24,0,읽다가 말았다
25,0,그 근 맞는 말이다
26,0,선교하는 데 도움 된다는 건 맞는 말이다
27,0,어 참 좋은 말이다
28,0,이거 많이 들어 본 말투다
29,0,어 구수하고 맛있겠다
30,0,여기다가 떡볶이를 넣으면 되게 맛있겠다
31,0,여기다가 떡볶이 넣으믄 되게 맛있겠다
32,0,맛있겠다
34,0,되게 맛있겠다
35,0,고기 맛있다
36,0,이거 너무 맛있다야
37,0,맛있다
38,0,그래 맛있다
39,0,도라지 맛있다
40,0,쵸코렛 맛있다
41,0,맛있다
42,0,아우 맛있다
44,0,음 맛있다
45,0,확실히 맛있다
46,0,하구 나서 그 뜨거울 때 위에다 케찹 뿌려 먹으면 진짜 맛있다
49,0,여기 냉면 더 맛있어졌다
0,0,아 물랑루즈도 재밌게 봤다
1,0,그걸 재밌다는 애는 너 처음 봤다
2,0,이렇게 물어 봤다
3,0,내 참 좋게 봤다
4,0,강남역 사는 사람 처음 봤다
5,0,그래서 전화번호까지 물어 물어 봤다
6,0,글구 대학교 일이학년 때 신문을 많이 봤다
7,0,내리면서 차 번호를 딱 봤다
8,0,얘 안 가 봤다
9,0,별루 많이 안 가 봤다
10,0,나 그쪽을 전혀 안 가 봤다
11,0,형 옷을 봤다
12,0,어 나 진짜 못 못 봤다
13,0,두 개밖에 안 다녀 봤다
14,0,아 그것두 봤다
15,0,그래서 내가 왜 그러냐구 물어 봤다
16,0,봤다
17,0,나는 며칠 전에 그런 신문 기사 봤다
18,0,누구랑 같이 보자 그러면 욕먹겠다 싶어 가지구 그냥 개봉날 혼자 예매해 가지구 가서 봤다
19,0,테레비젼 만화두 잘 안 봤다
20,0,나 사실 어렸을 때 만화 잘 안 봤다
21,0,홍콩 마스크를 한번 봐 봤다
22,0,다른 거 봤다
23,0,매트릭스를 봤다
24,0,난 사실 매트릭스 일을 안 봤다
25,0,뭐 이런 식으로 물어 봤다
26,0,내가 전화벨 소리를 오죽하면 세 봤다
27,0,내 친구하구 둘이서 이제 물어 봤다
28,0,근데 얼마 전에 오빠랑 같이 극장에서 살인의추억 봤었다
29,0,일이년 전에 봤었다
30,0,부담되겠다
31,0,아빠가 끼익 밟고서는 딱 부딪쳤다
32,0,부럽다
33,0,난 그런 사람들 보면 너무 부럽다
34,0,근데요 솔직히 실질적으로 병력이 부족하다
35,0,역동성과 시공간을 초월하는 통제가 부족하다
36,0,뭐 다음에는 북한이다
37,0,뭐 이제는 북한이다라고
38,0,그서 장소로부터 공간을 분리했다
39,0,그 집에 불났다
40,0,아 이름 불렸다
41,0,야 불쌍하다
42,0,아 진짜 불쌍하다
43,0,진짜 많이 불었다
44,0,보기가 좀 불편하다
45,0,아 도 붙었다
46,0,내가 어제 그 스누피 스티커 사 가지고 기뻐서 붙였다
47,0,일단은 뭐 하기야 그게 올여름 블럭뻐스터였다
48,0,맞어 맞어 이 스타일 좀 비슷하다
49,0,비싸겠다
0,0,되게 막 되게 유치하다
1,0,뭐 엄마 아빠 세대니까 아직은 보수적이니까 그런데 난 그것두 좀 의심스럽다
2,0,그까 외국이랑 자주 비교를 하면서 우리는 한국인들이 너무 부모 의존적이다라고
3,0,시간의 분리는 급속히 세계화되는 동일화를 이끌었다
4,0, 이다
5,0,그래서 이제 자식들 이다
6,0,아저씨 이랬다
7,0,야 나 때는 편 너 너 나 때 진짜 이랬다
8,0,이래서 이랬다
9,0,다 보여 주고 마지막 결론은 이랬다
10,0,태원엔터테이먼트에 손해가 오는 거는 충분히 이해가 가는 일이니 보지 마세요 이랬다
11,0,막 이랬다
12,0,아 그래도 밖이 낫죠 내가 이랬다
13,0,엄마 안마해 주면서 이랬다
14,0,이랬다
15,0,딱 이랬다
16,0,수원에 가면서 권선 주공 삼차요 딱 이랬다
17,0,이러이러했다
18,0,언제나 이건 이렇다
19,0,내 남자 친구한테 내 마음은 어떻구 나는 이렇다
20,0,핸드폰 이쁘다
21,0,어 이거 너무 이쁘다
22,0,모양새 일단 이쁘다
23,0,이 색이 이쁘다
24,0,이쁘다
25,0,신부가 더 이쁘다
26,0,야 되게 이쁘다
27,0,아 되게 이쁘다
28,0,이쁘다
29,0,너무 이쁘다얘
31,0,이상하다
34,0,어우 이상하다
36,0,아 이상하다
37,0,이상하다
38,0,소리가 좀 이상하다
39,0,어 이상하다
40,0,내용 되게 이상하다
41,0,무 진짜 이상하다
42,0,잠깐만 이상하다
43,0,그 이상하다
44,0,어 이상하다
46,0,이상하다
47,0,이상하다 이게 아닌데 내가 알고 있는 거랑 너무 이상하다
0,0,나 담배꽁초 내가 줏었다
1,0,그까 그리고 그런 게 중요하다라고
2,0,노트북 좌석이냐 아니냐가 중요하다
3,0,그 수분을 특히 수분이 중요하다
4,0,논의 중이다라고만
5,0,거기는 다 중환자들이겠다
6,0,초반에 얘길 해 줘야겠다
7,0,그리구 그 진짜 주변 사람들이 많이 도와 줘야겠다
8,0,기왕 주는 거 이쁘게 해서 줘야겠다
9,0,아 명함 줘야겠다
10,0,음 어른들을 물론 안 해 줘야겠다
11,0,두들겨 패 줬다
12,0,그냥 평균 누구한테 가서 진짜 막 폭탄 소개시켜 줬다
13,0,그 언니가 맨 첨에 막 목에 매 줬다
14,0,내가 오빠한테 보여 줬다
15,0,옆에 중국 아저씨가 운전을 해 줬다
16,0,증감했다
17,0,아 지겹다
18,0,맨날 보는 컴퓨턴 지겹다
19,0,지나가다가
20,0,지나가다
21,0,좋은 시절 다 지나갔다
22,0,지루하다
23,0,야 거기기 지혜롭다
24,0,되게 구체적이고 직접적이다
25,0,은 진보다
26,0,쓰리디 액션 해 가지고 우리 나라 많이 뭐 진보했다
27,0,집이다
28,0,되게 징그럽다
29,0,징그럽다
30,0,짤랐다
31,0,짱이겠다
32,0,와 짱이다
33,0,캡쑝 짱이다
34,0,되게 쪼끄마하다
35,0,으 되게 찌직거리겠다
36,0,  여기다 찍었다
37,0,여기 딱 찍었다
38,0,그래서 애들하고 같이 다 사진을 찍었다
39,0,그 말에 나 왕좌절해서 난 이제 찍혔다
40,0,야 새끼손가락으로 살짝 찔렀다
41,0,디지털 싸운드가 왠지 차갑다
42,0,바깥이 더우면 몸이 차갑다
43,0,천 원 차이다
44,0,착하다
45,0,그리고 여기에서 우리 이런 것도 찾았다
46,0,숨어 있던 낙지를 찾았다
47,0,그니까는 내 밑에 사원이 많이 채웠었다
48,0,이거 이거 잘못 채점했다
49,0,바닐라 향을 첨가했다
0,0,손자 먼저 가라
1,0,어디어디 가라
2,0,가라
3,0,교육청에서 오라 가라
4,0,뭐 일부 강경파들을 모사한 거라
5,0,내기 족구 하는 거라
6,0,근데 그걸 자기한 자기가 처음 들어왔으니까 아무것도 모를 거라
7,0,웬 걸 한 시간두 안 잔 거라
8,0,여기 자대래 이러는 거라
9,0,아이 요새 엄마가 계속 구박을 하는 거라
10,0,아부지 낚시 간다구 네 시에 나 또 그거 때문에 깬 거라
11,0,아 이제 자야지 하구 딱 누웠는데 잠이 안 오는 거라
12,0,열라 부러운 거라
13,0,아니 무안이 아니구 아이 먹던 거라
14,0,날 샜는데 안 그치는 거라
15,0,처음부터 안 좋은 거라
16,0,거라
17,0,딱 그러는 거라
18,0,엄마가 궁금해하는 거라
19,0,이러구 딱 가 보래는 거라
20,0,컴퓨터 인제 지겨운 거라
21,0,고속도로 뻥 뚫린 거라
22,0,깬 거라
23,0,더 잠이 안 오는 거라
24,0,미치겠는 거라
25,0,선생님은 꽤 열심히 하는지 아는 거라
26,0,그게 인제 엘지에서 판매하는 건데 아침에 을 아래께 오다 보니까 지하도에서 그거 설명해 주고 막 그거 하나 주는 거라
27,0,근데 보통 카메라로 보통 필름으로 찍는 거라
28,0,평소에 오빠를 사모해 왔다고 고백하라
29,0,백이십오 사이에 있을 확률을 구하라
30,0,이거를 구하라
31,0,분산을 구하라
32,0,근데 톨게이트가 여러 군데라
33,0,기둘리라
34,0,달라
35,0,그거 사 달라
36,0,군사 편지부터 사제 편지 부쳐 달라
38,0,뭐 편지 부쳐 달라
39,0,지지자들은 노무현을 좀 지지해 달라
40,0,기회를 달라
41,0,이것 좀 내 달라
42,0,아 뭐 싸인해 달라
43,0,가만히 있어 달라
44,0,그러고 화장실 갈 때는 인터폰 해서 문 열어 달라
45,0,이큐를 좀 어떻게 만져 달라
46,0,회신을 달라
47,0,네 콘센트만이라도 쓰게 해 달라
48,0,한참 있다 나온 후에 다시 올려 달라
49,0,이것 좀 내 달라 저것 좀 내 달라
0,0,뭐 우선은 넘겨 달라
1,0,슬기로운 여인이 되라
2,0,내가 했는데 너네 보지 마라
3,0,뭐 너 이거 하지 마라
5,0,웃기지 마라
6,0,너 진짜 하지 마라
7,0,무시하지 마라
8,0,오지 마라
9,0,근까 친 자기들 친분 없으면 자기들 서먹하니까 데려오지 마라
10,0,하지 마라
11,0,겪어 보지 않은 거에 대해서 평가하지 마라
12,0,이거 아니다 너네들 보지 마라
13,0,뭐 하지 마라
14,0,몇 명 탔는지는 얘기하지 마라
15,0,야 이런 얘기하지 마라
16,0,그러진 마라
17,0,하지 마라
18,0,목사님 씰데없는 질문하지 말라
19,0,하지 말라
22,0,너무 한쪽으로 치우치지 말라
23,0,근데 서태지 광적 팬들이 서태지를 우습게 만들지 말라
24,0,여행 갔다오구 나름대로 쓸 게 전혀 없게 되는 상황이라
25,0,걘 뭐든지 좀 굉장히 당차게 하는 스타일이라
26,0,자는 게 아니라
27,0,한 학기가 아니라
28,0,버스 카드가 아니라
29,0,거짓말이 아니라
30,0,아니 그게 아니라
31,0,분노하는 게 아니라
32,0,그게 아니라
34,0,여행이라
35,0,교육청에서 오라
36,0,여기 오라
37,0,삼월 십사 일이라
38,0,군대나 가서 조심하라
39,0,한 번만 보여 주라
40,0,지 지네들이 지네들이 피구선 우리들한테 치우라
41,0,내 친구는 출근을 안 하더라
42,0,통치권을 하라
43,0,근거를 제시를 하라
44,0,여기서는 삼십일 밴드로 막 하라
46,0,안 되면 되게 하라
0,0,나도 아직 안 갔잖아
1,0,우리 갔잖아
2,0,저번에는 선생님 녹 강연 녹음해 갔잖아
3,0,인도 갔잖아
4,0,특히 방학인데 내가 여행을 안 갔잖아
5,0,구월달에 갔잖아
6,0,하루 자고 갔잖아
7,0,근데 받아 갔잖아
8,0,거기 강원도잖아
9,0,저거는 말이 자율이지 다 강제였잖아
10,0,누누이 강조했잖아
11,0,우리 나라가 그게 강하잖아
12,0,강하잖아
13,0,또 감상에 강하잖아
14,0,난 누군지 알 것 같아
15,0,효과가 놀라운 거 같아
16,0,개념을 잡기가 어려운 거 같아
17,0,제대로 대답하는 게 늘어나는 거 같아
18,0,맞는 말인 거 같아
19,0,좀 그런 게 있는 거 같아
20,0,내가 혼자 발표 한 적은 별로 없는 거 같아
21,0,내 친구도 그걸 좀 느꼈을 거 같아
22,0,나 작품 될 거 같아
23,0,들어가서 난 딴 회의는 안 하고 난 편집회의만 하는 거 같아
24,0,안 나갈 거 같아
25,0,미리미리 해야 될 것 같아
26,0,제일 요고나 요게 답이 될 것 같잖아
27,0,뭐 무슨 영화 한 편 보는 거 같잖 영화 찍는 거 같잖아
28,0,좀 빨리 끝내 줄 거 같잖아
29,0,그런 게 너무 아까울 거 같잖아
30,0,음 꼭 왜 꼭 그런 거 같잖아
31,0,어쩐지 좀 그런 거 같잖아
32,0,밤 맛 같잖아
33,0,딴 사람 같잖아
34,0,잡구 있어도 옆으로 떨어질 것 같잖아
35,0,근데 너는 새로운 소스를 또 개발하잖아
36,0,동시 개봉됐었잖아
37,0,그거 개봉하잖아
38,0,그게 작년에 개봉했잖아
39,0,십 개월이잖아
40,0,저거는 열 여섯 개잖아
41,0,쟤 걔잖아
42,0,아 이거는 아니다 그래서 다시 바꾼 거래잖아
43,0,가끔 거부하잖아
44,0,이것도 그때 내려진 거잖아
45,0,짜는 거잖아
46,0,그래서 휠씬 이게 큰 거잖아
47,0,사 사십보다 적게 되면은 요기가 더 큰 거잖아
48,0,이게 전체 소비한 거잖아
49,0,기준이 정해져 있는 거잖아
0,0,보스 같은 거 괜찮아
1,0,아 괜찮아
2,0,괜찮아
3,0,근데 애가 너무 괜찮아
4,0,어 괜찮아
5,0,아이 괜찮아
6,0,또 다들 또 괜찮아
7,0,괜찮아
9,0,괜찮아
10,0,아냐 괜찮아 괜찮아
11,0,아냐 괜찮아
13,0,신화와 문화도 괜찮아
14,0,패션학 개론 언니 괜찮아
15,0,언니 이거 괜찮아
16,0,괜찮아
18,0,챙이 좀 넓은 거 밀짚모자 써두 괜찮아
21,0,아냐 아냐 괜찮아
22,0,지금 괜찮아
23,0,나 괜찮아
24,0,좀 화질은 괜찮아
25,0,씨티극장 뒤쪽으로는 좀 괜찮아
26,0,굉장히 괜찮아
27,0,크다 그런 데 가면 맛 괜찮아
28,0,아 요새 수영장 괜찮아
30,0,아니야 익숙하면 괜찮아
31,0,난 아무거나 돼도 괜찮아
32,0,그러 그런 것두 괜찮아
33,0,그럼 얼마까진 괜찮아
34,0,요즘 소프트웨어 단속 때문에 그쪽은 괜찮아
35,0,아 괜찮아
38,0,아니 아 괜찮아요 괜찮아
39,0,가격도 괜찮아
40,0,어 근데 의외로 그 나름대로 내용 괜찮잖아
41,0,기능적이고 괜찮잖아
42,0,찹쌀떡 그런 거 괜찮잖아
43,0,월요일도 괜찮잖아
44,0,어 괴로와
45,0,솔직히 괴로와
46,0,그 극동 아시아의 세력 확장의 교 교두보잖아
47,0,처음 인제 새내기 교사잖아
48,0,그래 가지고 집에서 좀 아빠가 그래두 교육자잖아
49,0,구라치잖아
0,0,그렇잖아
1,0,뭐랄까 좀 정신 없고 그렇잖아
2,0,그것도 쭘 그냥 먹기에는 사실 좀 그렇잖아
3,0,근데 그렇잖아
4,0,근데 회사 안에 놔두기 좀 그렇잖아
5,0,그렇잖아
6,0,거기는 원래 그렇잖아
7,0,우리 세대 우리 세대는 그렇잖아
8,0,아무리 시원해두 망망대해에서 혼자 둥둥 떠 있긴 좀 그렇잖아
9,0,많이 싸워서 그렇잖아
10,0,받아도 그냥 좀 보내기 그렇잖아
11,0,아 배고프다고 막 먹기가 좀 그렇잖아
12,0,입구 오기가 좀 그렇잖아
13,0,좀 그렇잖아
14,0,아 걔네는 왜냐면 걔네는 삼학년 학부제 초기라서 극과 극이었잖아
15,0,지금두 이렇게 뭐 이렇게 뭐 간지러워서 긁잖아
16,0,걔 올림픽 금메달리스트잖아
17,0,금붕어잖아
18,0,금요일이잖아
19,0,거기서 딱 선을 긋잖아
20,0,기다렸잖아
21,0,월매가 기생이니까 춘향은 당연히 기생이잖아
22,0,자랑하고 이런 거 기억하잖아
23,0,우리는 잡다한 거 기억하잖아
24,0,오빠들 또 안 이쁜 애 데려가면은 기절하잖아
25,0,근데 그 되게 길잖아
26,0,간부들은 외박이 이박 삼일이 길잖아
27,0,내 내 주황 모자 앞에 굉장히 길잖아
28,0,야구 모자 길잖아
29,0,꽤 길잖아
30,0,까다로와
31,0,운전을 많이 한 사람 얼굴 까맣잖아
32,0,그 사람이 너무 까불잖아
33,0,그거 땜에 점수 깎였잖아
34,0,조선일보가 편집이 깔끔하잖아
35,0,나도 있어 전용선 깔았잖아
36,0,어 왜 깜찍하잖아
37,0,깨졌잖아
38,0,호남당 카 호남당을 벗을 카드를 꺼냈잖아
39,0,카드를 꺼냈잖아
40,0,어 사실 껄렁껄렁하잖아
41,0,원래 다들 소심해 가지구 그래두 꼽아
42,0,무릎을 딱 그 앞에 꿇잖아
43,0,꿰맸잖아
44,0,하루 딱 알려 주는데 하루 만에 자기가 줄줄줄 꿰잖아
45,0,맥이 지금 끊겼잖아
46,0,메가패스 잘 끊기잖아
47,0,근데 금방 끝나잖아
48,0,특차는 지금 끝났잖아
49,0,봄 농활은 끝났잖아
0,0,일단 달잖아
1,0,맛이 달짝지근하잖아
2,0,답답하잖아
3,0,그까 여기서는 이렇게 흰색 와이셔츠 그러 흰색 남방 같은 거 입으면 까매지는 게 당연하잖아
4,0,되게 혹사 당하잖아
5,0,성희롱 당했잖아
6,0,안에서 총격이 나니까 당황스럽잖아
7,0,더락이잖아
8,0,수영장 왜 요새 장마 지기 전에 덥잖아
9,0,되게 열 네 살 때 데뷔했잖아
10,0,풍연 동기도 이렇게 풍연이란 이름으로 묶여 있는 그런 데잖아
11,0,아 옷걸이 있는 데는 거기는 큰 큰 데잖아
12,0,근데 그 거기서 중요한 인물이 이 도령이잖아
13,0,오일 만에 도망쳤잖아
14,0,어 완전히 모 아니면 도잖아
15,0,되게 독특하잖아
16,0,그냥 버리는 돈이잖아
17,0,한 번 그러면 애들이 눈치가 삭 한 번 돌아
18,0,띡 앉았는데 머리가 빙 돌아
19,0,어떻게 돼 계속 돌아가잖아
20,0,뜩 막 팬이니까 막 눈이 확 돌아가잖아
21,0,근데 날프네이더한테 막 화 비난에 화살이 돌아오잖아
22,0,동족이잖아
23,0,이암 돼지띠잖아
24,0,개 담에 돼지잖아
25,0,중간고사 때는 칠십 점 안 됐었잖아
26,0,됐잖아
27,0,그니까 두 달 됐잖아
28,0,인제 솔직히 반미는 대중화 완전히 됐잖아
29,0,다 세계가 블록화 됐잖아
30,0,바보가 됐잖아
31,0,미영 언니랑 커플이 됐잖아
32,0,육개월 정도밖에 안 됐잖아
33,0,옛날에는 아예 그냥 바꿔 와야 됐잖아
34,0, 됐잖아
35,0,이 오빠만 있으면 된다 막 이랬는데 지금은 인제 나이가 들었으니까 좀 현실적이 됐잖아
36,0,근데 나는 다 다 됐잖아
37,0,걔 나하고 같이 졸업하게 됐잖아
38,0,어느 정도 합의는 되잖아
39,0,그럴라면 솔직히 내가 보고 판단해야 되잖아
40,0,빨리빨리 업데이트가 되잖아
41,0,수능만 죽어라 공부하면 되잖아
42,0,그래도 육십오에서 되잖아
43,0,되잖아
44,0,선형이 이 정도 되잖아
45,0,여긴 몇 만 원 되잖아
46,0,요고만 하면 되잖아
47,0,이런 기준이 있어야 되잖아
48,0,그 중간엔 계속 보여야 되잖아
49,0,오월 안에 가야 되잖아
0,0,반론은 되게 많아
1,0,우리 같은 사람이 꽤 많아
2,0,내 동생 말고도 피해 당한 사람이 많아
3,0,아니 하는 게 많아
4,0,아 그런 선생님들 그런 애들 많아
5,0,그런 거 되게 많아
6,0,엄청 많아
7,0,육군 진짜 쓸데없는 거 많아
8,0,근데 광고도 지금 보면 되게 많아
9,0,부자 세습은 아니 아니었을 거란 얘기가 되게 많아
10,0,어떤 사람이 돈이 되게 많아
11,0,불만이 너무 많아
12,0,노란 모래일 가능성이 많아
13,0,일곱시 사십분이라도 사람 되게 많아
14,0,일 번이 젤 나이가 많아
15,0,꽤 많아
16,0,그냥 그렇게 보면 된다고 이런 식으로 말하는 사람들 많아
17,0,보다 보면 되게 막 어이없을 때가 많아
18,0,네다섯 명 가면 너무 많아
19,0,너무 많아
20,0,매트릭스가 되게 많아
21,0,애들 애들 유명한 거 나 진짜 모르는 거 되게 많아
22,0,나두 되게 보고 싶은 영화 진짜 많아
23,0,그래서 한글 자막이 없는 게 되게 많아
24,0,안 쓸 때가 많아
25,0,그럴 때는 불꽃이 튀었다고 착각하는 상황이 많아
26,0,되게 재밌는 거 많아
27,0,많아
28,0,둘이서 할 수 있는 게 있어 재밌어 할 거 많아
29,0,내가 말이 좀 많아
30,0,굉장히 돈이 많은 사람이었어 근데 나이가 좀 많아
31,0,아니 내가 휴학해서 와서 좀 남자에 관심이 많아
32,0,그거 주위에 있는 애들 그냥 보여 주면은 되게 신기하다는 애들 많아
33,0,왜 이렇게 돈이 많아
34,0,오빠랑 나랑은 진짜 트러블이 많아
35,0,사람들 되게 많아
36,0,조직 많아
37,0,습기가 너무 많아
38,0,어 요즘에 증명서 떼러 온 애들이 왜케 많아
39,0,이겨야 되는 사람들 많아
40,0,저거 많아
41,0,많아
42,0,근데 왜 이렇게 애를 울 나란 못 못 낳는 여자가 자연 분만으로 못 낳는 애가 왜 그렇게 많아
43,0,뭐가 많아
44,0,으슥한 데가 많아
45,0,사람 많아
46,0,근데 극장이 더 되게 많아졌잖아
47,0,실직자들이 많아지잖아
48,0,개인적이고 뭐 그런 것이 아닌가 뭐 그런 얘기가 많았잖아
49,0,많았잖아
0,0,바람이 많이 불잖아
1,0,맨날 손이 붓잖아
2,0,같이 붙었잖아
3,0,인제 떠블류엠에이 화일은 엠에이는 요새 엠에이 화일은 요새 맞춰진 형식이라서 저작권료 시비가 아직 안 붙었잖아
4,0,두 시간 타구 도로 주행 봐서 붙었잖아
5,0,그리구 막 현대 자동차 거기에 써 붙였잖아
6,0,왜 꼭 그런 거 붙잖아
7,0,솔직히 까스가 없으면 불이 안 붙잖아
8,0,근데 그런 데서 아르바이트하면 아르바이트 또래가 또 비슷비슷하잖아
9,0,뭐지 겐조 그런 거는 물향 비슷하잖아
10,0,저번에 술 마실 때 되게 비슷하잖아
11,0,백재현이 춤추는 거랑 비슷하잖아
12,0,옷 비슷하잖아
13,0,근까 원래 비싸잖아
14,0,비싸잖아
15,0,되게 비싸잖아
16,0,밑에 롤 케잌 밑에 자리가 많이 비잖아
17,0,얘 얘가 에이 비잖아
18,0,자리가 많이 비잖아
19,0,근데 마지막에 너무 좀 비참하잖아
20,0,액션만 빠뜨렸잖아
21,0,지갑도 내 게 되게 빠방했잖아
22,0,인력이 빠져나가잖아
23,0,난 그거 하기 싫어서 맨날 빠졌잖아
24,0,거 바로 그 승용차 승용차로 빠졌잖아
25,0,더가 빠졌잖아
26,0,아니 쟤 빠졌잖아
27,0,나 언더그라운드 밴드 갔다왔는데 진짜 갔다왔는데 이 킬로 빠졌잖아
28,0,싹 빠지잖아
29,0,재수강하면 그 점수가 빠지는 거잖아 그 과목이 빠지잖아
30,0,근까 흡혈귀니까 또 피가 빨간색이잖아
31,0,답장 진짜 빨랐잖아
32,0,런딤 뺄때리잖아
33,0,최화정 엄청나게 살 뺐잖아
34,0,그 내 내용 뻔하잖아
35,0,이번에 안 가면 삼학년 때는 근데 솔직히 가기 되게 뻘쭘하잖아
36,0,다 쓴다고 뻥치잖아
37,0,얼렁 뽑아
38,0,그래 그런 사람들만 뽑아
39,0,왜냐면은 너무 큰 사람 또 안 뽑아
40,0,나두 인터넷으로 뽕을 뽑아
41,0,여러 가지 분야에서 많이 뽑아
42,0,마취 안 하고는 못 뽑아
43,0,안 뽑아
44,0,기독교 많이 안 뽑잖아
45,0,완전 실패했다구 그래두 본전 뽑잖아
46,0,턱은 뾰족하잖아
47,0,근데 그 인간이 꼭 사라고 그러게 사 뿌렀잖아
48,0,아 허리 삐었잖아
49,0,은미 삐졌잖아
0,0,인간적으로 괜찮은 애잖아
1,0,그 뜨는 애잖아
2,0,졸라 야하잖아
3,0,어 그랬다고 하는데 내가 폭력 무지하게 약하잖아
4,0,거 봐 지금두 양이래잖아
5,0,항상 그 얘기잖아
6,0,아 그건 일반적인 얘기잖아
7,0,그 얘긴 솔직히 좀 곁다리 같은 얘기잖아
8,0,같은 얘기잖아
9,0,생각해 보면은 정말 말도 안 되는 얘기잖아
10,0,현명하거나 머리 좋은 거랑은 좀 다른 얘기잖아
11,0,피에이 측의 얘기잖아
12,0,꼭 굳이 어머니여야 될 필요는 없는 없는 얘기잖아
13,0,사실 지금 세계어와 민족어 하는 건 철학 쪽 문제 얘기잖아
14,0,뭐 육군 병력이 뭐 있더라두 부족하네 얼마네 이런 얘기하잖아
15,0,이제 반지 반지의 행방 아 반지의 행방을 찾아야 되니까 뭐 반지를 어떻게 해야 되냐고 막 이렇게 처음에 막 얘기하잖아
16,0,근데 사람들 쉽게 얘기하잖아
17,0,그리구 뭐 너희들도 뭐 어 작업에 들어간다 얘기하잖아
18,0,되게 과장되고 또 나쁘게 얘기하잖아
19,0,옆에서 계속 불만을 얘기하잖아
20,0,따지다가 얘기하잖아
21,0,아 원래 그렇게 얘기하잖아
22,0,그 얘기했었잖아
23,0,그때 그때도 그때도 얘기했잖아
24,0,지금 얘기했잖아
25,0,얘기했잖아
26,0,나 얘기했잖아
27,0,그렇게 얘기했잖아
28,0,팔던가라고 얘기했잖아
29,0,그래서 전에부터 얘기했잖아
30,0,아니 나 처음에 내가 얘기했잖아
31,0,야 내 얘기했잖아
32,0,머리 조심해라 얘기했잖아
33,0,니가 얘기했잖아
34,0,근데 어둡잖아
35,0,그거 되게 어렵잖아
36,0,내 동생이 어리잖아
37,0,아이 아직 어리잖아
38,0,송혜교도 잠재성 잠재력이 어마어마하잖아
39,0,어색하잖아
40,0,존나 어이없잖아
41,0,완전 어이없잖아
42,0,그때 완전 어이없었잖아
43,0,그니까 어제잖아
44,0,농담처럼 의지하는 이 있다는 어조잖아
45,0,근데 되게 억울하잖아
46,0,맨날 얻어먹잖아
47,0,힘을 얻잖아
48,0,이가 늘상 힘을 얻잖아
49,0,연예인들이 엄청 엄청나잖아
0,0,미국에서 악의 축 불량 국가라고 하는 공통점들 다 있잖아
1,0,필수과목 들어야 되는 거 있잖아
2,0,뮤직 비디오 있잖아
3,0,치킨 이렇게 그림 나온 거 있잖아
4,0,책받침 있잖아
5,0,버스 아니고 미니뻐스 있잖아
6,0,아 막 그 한 대 때려 주고 싶은 막 그런 거 있잖아
7,0,그래 갖구 거기 공원에서 싸우는 씬 있잖아
8,0,여자 있잖아
9,0,걔 있잖아
10,0,원초적인 막 그러한 분위기 있잖아
11,0,그 표본실 청개구리 있잖아
12,0,대가라고 막 칭하는 사람들 있잖아
13,0,그 미래에 싸우는 거 있잖아
14,0,그런 게 있잖아
15,0,또 제작하고 감독의 그런 관계가 있잖아
16,0,이 뭐 액 액션 씬 있잖아
17,0,보통 그거 아드레날린이나 사사미 있으면 보통 다 볼 수 있잖아
18,0,그 그 수색대 있잖아
19,0,그 그 비릿 있잖아
20,0,그 있잖아
21,0,거기다가 인제 포인트 카드 있잖아
22,0,총 쏘는 오락실 가면 총 쏘는 게임 중에 더  있잖아
23,0,저기 뭐 비밀이 알고 싶잖아 막 들어가면 막 으악 놀래고 그러면 놀래다가 막 그 그런 공포감이 있잖아
24,0,그 그런 거 있잖아
25,0,내가 기존의 오락 오락 같은 거 있잖아
26,0,그 일본판 미국판 한국판 막 여러 판 다 있잖아
27,0,그 옛날에 그 뭐냐 슛돌이 보면은 파워 슛 그런 거 있잖아
28,0,그런 영화 있잖아
29,0,키 째그맣구서는 안경 끼고 귀엽게 생긴 애 있잖아
30,0,한 번 꺾어서 또 올라가는 거 있잖아
31,0,거기는 진짜 유명한 게 있잖아
32,0,거기 그거 있잖아
33,0,빠박이 있잖아
34,0,그 그 누드 걔 있잖아
35,0,이런 생각 있잖아
36,0,거 있잖아
37,0,팀장 같은 거 있잖아
38,0,화학 반응 있잖아
39,0,스프링 같은 거 있잖아
40,0,그 듀라셀 있잖아
41,0,아무튼 그러다가 지금은 그거 있잖아
42,0,자기 막 생각하면 실천에 딱 옮기는 애들 있잖아
43,0,이런 거 있잖아
44,0,넘길라고 잡고 있잖아
45,0,쪽 있잖아
46,0,근처에 선화예고 있잖아
47,0,양반다리 있잖아
48,0,디스크 걸릴 수도 있잖아
49,0,호텔 경영 뭐 이런 거 있잖아
0,0,맞어 맞어 좋아 좋아
1,0,빠르면 빠를수록 좋아
2,0,어떡하면 좋아
3,0,결혼과 가족 이것도 좋아
4,0,아 아주 좋아
5,0,아주 좋아 아주 좋아
6,0,너무 좋아
7,0,아주 좋아
8,0,아이 좋아
9,0,이 일을 어쩌면 좋아
11,0,내가 제일 개인적으로 좋아하는 거는 네 번째가 좋아
12,0,니 눈높이 이하를 갈려면 되게 좋아
13,0,이론은 참 좋아
14,0,그거 있으면 되게 좋아
15,0,그니깐 씨디 구울 때는 다른 작업을 안 하는 게 좋아
16,0,그래픽이며 음성이며 컴퓨터보다 훨씬 처리가 좋아
17,0,별루 물은 안 좋아
18,0,응 한 바퀴 이렇게 돌아오기는 좋아
19,0,좋아 좋아
20,0,좋아
22,0,안 바르는 게 좋아
23,0,어 어머 너무 좋아
24,0,상당히 안 좋아
25,0,내가 마음 편하게 나갈 수 있어서 되게 좋아
26,0,지금은 그게 좋아
27,0,근데 우리 집은 그런 면에서는 되게 그런 계기루 해서 제사 이런 거루 해서 사람 모이는 건 좋아
28,0,물놀이 물놀이두 더울 땐 좋아
29,0,편한 게 좋아
30,0,난 두부만 부치면 개운해서 좋아
31,0,어 좋아
32,0,결혼하면 안 피는 게 좋아
33,0,난 역시 카프리가 제일 좋아
34,0,나 파인애플만 좋아
35,0,근데 이런 맛이 좋아
36,0,나도 돼지고기 좋아
37,0,그래 가지구 좋아
38,0,나 그런 게 좋아
39,0,비 오구 나서 놀러 가는 게 훨씬 좋아
41,0,학점은 좋아
42,0,몸에 안 좋아
43,0,이대로가 탁 좋아
44,0, 안 좋아
45,0,교직은 좋아
46,0,처음의 오에스티보다 좋아
47,0,다 좋아
48,0,이거 왜 이렇게 넌 질이 좋아
49,0,좋아
0,0,나도 하지만 물론 우리 엄마는 음식 장만까지 하잖아
1,0,나는 그것만 하잖아
2,0,서로 성격이 다른 사람이면 무슨 이벤트를 만들면서 그런 걸 잘 극복을 하잖아
3,0,지금 되게 웃긴 게 지금 오빠가 뭐 쎄컨드 어쩌구저쩌구 하잖아
4,0,직접 차 몰면 외국 애들하구 한 번에 경기 못 하잖아
5,0,동현이 봐라 꼼짝 못 하잖아
6,0,처음에 마사지를 하잖아
7,0,위가 반응을 하잖아
8,0,육개월 연수 갔다왔는데 영어 하나도 못 하잖아
9,0,모범은 안정되게 하잖아
10,0,그걸 아버지가 다 해 줘야 되는데 멀리 계시니까 못 하잖아
11,0,우준 씨 또 하라 그러면 심각하게 하잖아
12,0,아니 메이크업 다 하잖아
13,0,기냥 해 달라면 뭐라고 하잖아
14,0,음악캠프에서 스탠딩콘서트 하잖아
15,0,근까 잘 마신다는 게 그니까 자기가 기억을 잘 못 하잖아
16,0,아르바이트 하잖아
17,0,해 줘서 자립심이 없어서 부모님한테 붙어 산다 이런 식으루 그런 사람들을 기생족이라고 하잖아
18,0,당연하게 생각을 하잖아
19,0,뭐 뭐 물건 사는 걸로 스트레스 푼다고 하잖아
20,0,개를 안 키울라고 발악을 하잖아
21,0,적어두 버스는 거부는 안 하잖아
22,0,걔네 학교는 좋은 학교잖아
23,0,삼 학점씩이잖아
24,0,막 남아서 항의했잖아
25,0,그것두 일교시만 해당되잖아
26,0,뭘 알아 와서 얘기를 해야잖아
27,0,서로 그래도 무슨 얘기를 해야잖아
28,0,한 걸 다 반대를 했었잖아
29,0,그 오빠랑 성진이랑 이벤트 했었잖아
30,0,했었잖아
31,0,저 작년에는 계속 회화 했었잖아
32,0,영숙 언니가 그 얘기 했었잖아
33,0,발전했다 했잖아
34,0,폭력적인 지배를 했잖아
35,0,두문불출 공부를 했잖아
36,0,어제도 한참 그 얘기 했잖아
37,0,했잖아
38,0,일반적으로 하는 거 하나도 안 했잖아
39,0,나 해 태권도 했잖아
40,0,솔직히 걔네도 별로 안 했잖아
41,0,그걸 하기로 했잖아
42,0,그래 반대를 했잖아
43,0,어 반대를 했잖아
44,0,누가 지지했어 아무도 지지 안 했잖아
45,0,이라크  했잖아
46,0,힘을 키워 가지고 어느 정도 이렇게 좀 대등하게 할라고 그렇게 했잖아
47,0,유월달에 되게 개봉 많이 했잖아
48,0,그 사람이 그거 했잖아
49,0,우리 오늘 공부 너무 안 했잖아
0,0,아우 끔찍해서 못 가겠어
1,0,못 가겠어
2,0,여기서 과외 하는 덴 가까워
3,0,음 근데 강원도랑 가까워
4,0,아니 그렇게 안 가까워
5,0,전체적인 윤곽을 거의 씨유에 가까워
6,0,어 가까워
7,0,그 사람이 더 가까웠어
8,0,내가 백 가질 가르쳤어
9,0,가만있었어
10,0,삼월달에 가셨어
11,0,원래 선조 순장님이었는데 졸업하셔 가지고 다 주고 가셨어
12,0,실에 많이 있었는데 다 가져갔어
13,0,이거 되게 많이 남았었는데 애들 다 가져갔어
14,0,너네 사진을 가져갔어
15,0,옷은 많이 가져갔었어
17,0,이 왠 왠 연습장을 이렇게 많이 가져왔어
18,0,아니 우산 가져왔어
19,0,내가 지갑을 안 가져왔어
20,0,안 가져왔어
21,0,책으로 가져왔어
22,0,여자가 애를 가졌어
23,0,아유 가증스러워
24,0,아우 막 배가 막 간지러워
25,0,난 내 친구들 딱 갈렸어
26,0,아 그 정도로 감동했어
27,0,눈 감았어
28,0,거기 갔다왔어
29,0,군대 갔다왔어
30,0,군대를 갔다왔어
31,0,갔다왔어
32,0,나두 저번에 한 번 갔다왔어
33,0,너 엠티 갔다왔어
34,0,갔다왔어
35,0,나는 근데 옷도 대충 안 입고 그냥 갔어
36,0,나는 나는 열심히 보러 갔어
37,0,어쨌든 갔어
38,0,언제나 학교 갔어
39,0,버스 카드 있다 그래서 지하철 타고 갔어
40,0,동서울에 갔다가 어디를 그냥 가고 싶은 거야 그 동서울을 무작정 갔어
41,0,니 왜 갔어
42,0,내가 그런 추태를 보일까 봐 아예 오티를 안 갔어
43,0,어디 갔어
44,0,그렇게 일찍 갔어
45,0,한 사람 데리고 오면 같이 해 준다고 해서 갔어
46,0,그래 가지구 삼학년 이학기 때 이십사 학점을 들을려구 이렇게 방학 때는 마음을 딱 그렇게 먹고 갔어
47,0,수강 다 변경할려구 한 번 한 번밖에 안 갔어
48,0,손님들이 구경하다가 이제는 갔어
49,0,삼 사단에 있던 지휘관이 어디 저기 인천 쪽으로 갔어
0,0,우리는 벼 세우고 그랬어
1,0,상모를 옛날에 상모 갖다  열 두 발로 돌리고 막 그랬어
2,0,일학년 때는 자기도 그랬어
3,0,삼천 원에 팔고 그랬어
4,0,그랬어
5,0,그랬어
6,0,왜 그랬어
8,0,여기서 여기다 끄나풀 매구 그거 붙들고 걸음마 배우고 그랬어
9,0,다 죽는다 그랬어
10,0,영남에서도 그랬어
11,0,십이 주간 빡스 오피스 일윈가 그랬어
12,0,난 안 그랬어
13,0,그거 근까 나는 그랬어
14,0,만약에 이 만나서 그랬어
15,0,나는 그랬어
16,0,암튼 그랬어
17,0,그랬어
18,0,아무튼 그랬어
19,0,상호 형이 그랬어
20,0,포토러쉬 하고 막 그랬어
21,0,둘째가라면 서러워할 정도로 막 날리고 그랬어
22,0,우리 땐 그랬어
23,0,고등 학교 때도 그랬어
25,0,근데 너두 불르라 그랬어
26,0,그러면은 어떻게 어떻게 한다고 그랬어
27,0,어땠냐면 그때도 왜 그랬어
28,0,우리는 다들 처음에 보고 그랬어
29,0,아니야 근데 그 준 사람이 그랬어
30,0,즐겁게 하라 그랬어
32,0,자기 걸로 만들겠다고 막 그랬어
33,0,과장님이 바로 거기다 위에다 쓰구 막 그랬어
34,0,팩스 쓰는 거 많이 맡기구 막 그랬어
36,0,어우 왜 그랬어
38,0,그랬어
39,0,우리는 그랬어
40,0,어 그랬어
41,0,왜 그랬어
42,0,헤어지자고 그랬어
43,0,내가 언제 그랬어
44,0,여동생이 있다 그랬어
45,0,그러지 그랬어
46,0,왜 그랬어
47,0,그랬더니 이 그랬어
49,0,애들이 쑥스러워하니까 또 막 되게 피하구 막 그랬어
0,0,상을 저쪽에 치워 놨어
1,0,잘해 놨어
2,0,설치는 해 놨어
3,0,들을 수가 내가 딴 걸 해 놨어
4,0,어쨌든 써 놨어
5,0,아 교양 선택 표시해 놨어
6,0,신청해 놨어
7,0,사 간 거 그대로 갖다가 놨어
8,0,논을 해 놨어
9,0,그래 말은 해 놨어
10,0,구해 놨어
11,0,그걸 내가 거기다 넣어 놨어
12,0,그 전체한테 이름 알려 놨어
13,0,그래서 만 잠가 놨었어
14,0,언니 누구였어
15,0,그 눈빛 졸린 눈빛이었어
16,0,가위 눌렸었어
17,0,진짜 느꼈어
18,0,그걸 뼈저리게 느꼈어
19,0,오히려 돈 버는 돈보다는 그거보다 사람들 대하구 그런 거 되게 많이 느꼈어
20,0,기본기 하나만으로도 정말 훌륭한 민족이란 걸 느꼈어
21,0,오빠가 왜 이렇게 느려졌어
22,0,클릭스 안 늘렸어
23,0,그러니깐 어제는 이분 뛰었고 시간 조금 늘렸어
24,0,이렇게 잘 고치면 금방 금방 늘어
25,0,그러면 금방 늘어
26,0,금방 금방 늘어
27,0,막 늘어
28,0,훨씬 늘어
29,0,근데 부수는 늘어
30,0,삼만 원밖에 안 늘었어
31,0,삼만 원이 늘었어
32,0,늘었어
33,0,다 늘었어
34,0,열림터 일하면서 많이 늘었어
35,0,많이 늘었어
37,0,더 많이 늘었어
38,0,늙었어
39,0,뒷방 늙은이잖어
40,0,어 괜찮아 늦어
41,0,안 늦었어
42,0,학교 다녔어
43,0,학원 다녔어
44,0,혼자두 많이 다녔어
45,0,대체 상고 다녔어
46,0,난 학원 거의 안 다녔어
47,0,오빠 나 원래 이마 훤칠하게 하고 다녔어
48,0,학교 안 다녔어
49,0,박경림이가 동덕여대 다녔어
0,0,근까 음 못 갈 거 같애서 마음이 아팠어
1,0,안됐어
2,0,옛날처럼 꽃미남 같은 이미지가 없어져서 안타까워
3,0,너무 안타까워
4,0,앉았어
5,0,어릴 때부터 다리 꼬고 많이 앉았어
6,0,그 사람이 이렇게 더듬더듬해서 자리에 앉았어
7,0,어떤 여자 옆에 앉았어
8,0,기사 뒤에 앉았어
9,0,애가 딱 여기 앞에 앉았어
10,0,들어가 앉어
11,0,앉어
12,0,여기 앉어
13,0,그르니까 다리 피고 앉어
14,0,막 그러더니 거기 앉어
15,0,자리에 앉어
16,0,여기 앉어
17,0,그러다가 요행히 자리를 차지하고 앉어
18,0,이름이 어려워서 발음하진 않겠어
19,0,뭐 만득이가 연락하지 않겠어
20,0,수많은 걸들이 있지 않겠어
21,0,음 아니 그래두 뭐 작업을 할래면 영화관 가야 되지 않겠어
22,0,일학기 때도 하지 않았어
23,0,별로 좋진 않았어
24,0,사람이 막 되게 많지 않았어
25,0,뭐 그때 너 그때 사귀기 시작할 때 정도에 가지 않았어
26,0,너무 늦지 않았어
27,0,아 난 뭐 갈구진 않았어
28,0,왜 모집단이 정규분포를 따르지 않았어
29,0,정말 손도 대지 않았어
30,0,괜찮지 않았어
31,0,건드리고 싶지 않았어
32,0,락 음악의 역사는 그렇게 오래되지 않았어
33,0,나는 나는 대한민국에 태어나구 싶지 않았어
34,0,그게 크게 변하지 않았어
35,0,너보다 더 잘 하지 않았어
36,0,찍지도 않았어
37,0,넌 좀 있다고 그러지 않았어
38,0,아 원래 당신의 말발은 이렇지 않았어
39,0,그렇게 말을 해 놓고 참 그때도 별로 그쪽으로 가고 싶진 않았어
40,0,그때 나그네 배울 때 너의 눈빛이 심상치 않았어
41,0,아침에 아침에 눈 안 오지 않았어
42,0,수업 같지도 않았어
43,0,난 풀지도 않았어
44,0,한 시에 승희 만나기로 하지 않았어
45,0,나 이렇게 살고 싶지 않았어
46,0,아 나 쓰러지지 않았어
47,0,다시 복원하구 거기 있던 소장품하구 국립중앙박물관 따루 만들어서 건물 지어서 나가지 않았어
48,0,거의 완성되지 않았어
49,0,거기서 학교 다닌다 그러지 않았어
0,0,선생님이 불러 줬어
1,0,그런디 그 가이네가 교과서계를 줬어
2,0,명함 줬어
3,0,누가 빨간 옷을 입고 지나가길래 그 얘기를 해 줬어
4,0,다 나눠 줬어
5,0,뭐 별 필요없다고 밑에 그냥 애한테 줬어
6,0,연결 고리를 못 해 줬어
7,0,그래 가지고 나한테 그걸 사 줬어
8,0,서로 서로 오 오래도 안 해 줬어
9,0,정동진에 데려다 줬어
10,0,내가 마저 막 가는 길을 가르쳐 줬어
11,0,다이어리 꺼내서 막 찾아 가지구 가르쳐 줬어
12,0,멋진 남자 얘긴 안 해 줬어
13,0,미미 언니가 다 얘기해 줬어
14,0,아 저기 줬어
15,0,칠 개월로 해 줬어
16,0,세 갠가 딱 줬어
17,0,육개월을 꽁짜로 해 줬어
18,0,안 줬어
19,0,우리 언니한테 이렇게 많이 전수를 해 줬어
20,0,경희가 일 장 독음 달아 줬어
21,0,독음 좀 달아 줬어
22,0,아 저기 인도에 선교 간 누나가 얘기해 줬어
23,0,하나는 좀 잘 썼다고 얘기해 줬어
24,0,우리 반 애 하나가 그걸 치워 줬어
25,0,소주 딱 따라 줬어
26,0,나 얘가 적어 줬어
27,0,김동욱 선생님이 씨뿔 줬어
28,0,그리구 이름도 새겨 줬어
29,0,이메일 본 거는 내일 한 시쯤 어디서 보자 라는 얘길 했었는데 장소를 아직 안 정해 줬어
30,0,엄마가 물을 줬어
31,0,우리 할아버지 나한테 되게 잘해 줬어
32,0,나는 그래서 내가 있는 돈이 없 없어 가지구 만 원밖에 못 줬어
33,0,그걸로 줬어
34,0,그랬더니 언니가 케이에프씨 데려가 가지구 통닭 사 줬어
35,0,이분인 거 같은데 정확히 말을 안 해 줬어
36,0,나두 아줌마 앞에 서 있는데 앉을려니까 좀 그래서 비켜 줬어
37,0,이렇게 비켜 줬어
38,0,그거도 줬어
39,0,오빠가 벨트를 사 줬어
40,0,내 인정해 줬어
41,0,그 한의원에서 다시 지어 줬어
42,0,너 이거 왜 날 줬어
43,0,그래서 몇 학년 줬어
44,0,애 줬어
45,0,걔가 계속 운전을 해 줬었어
46,0,성전환두 보여 줬었어
47,0,그래서 아까 말해 줬잖어
48,0,아 쥐났어
49,0,즐거워 즐거워
0,0,그런 얘기를 했었어
1,0,저번에두 진실게임을 했었어
2,0,아니 내 친구두 한양대에서 이렇게 막 그때 막 이런 거 했었어
3,0,많이 했었어
4,0,너 안 했었어
5,0,하이킹을 가기루 했었어
6,0,일어 너 일어 안 했었어
7,0,보한집 했었어
8,0,그런 걸 니가 파악 다 돼 있구 다 알고 하면 남자 친구한테 그런 얘기 다 했었어
9,0,십자수를 어느 정도 했었어
10,0,옛날에 했었어
11,0,아 쎄일 안 했었어
12,0,아니 그럼 얼굴 마사지는 어떻게 했었어
13,0,얘기를 했었어
14,0,헐었어
15,0,헤어졌어
16,0,음 그렇게 하고 나서 그냥 헤어졌어
17,0,그러다가 헤어졌어
18,0,헤어졌어
19,0,걔랑 헷갈렸어
20,0,민자 언니 남자 친구하고 언니 남자 친구하고 헷갈렸어
21,0,나 갑자기 헷갈렸어
22,0,거의 호텔급이었어
23,0,거기는 거의 시설이 호텔급이었어
24,0,어 돈 아까워 가지고 혼났어
25,0,어제 근로 학생이 혼났어
26,0,그때는 과장님한테 혼났어
27,0,그 자국민이 보면은 얼마 화나겠어
28,0,아이 진짜 화났어
29,0,오늘 뭐 화났었어
30,0,월 화는 확실했어
31,0,다 확인했어
32,0,허 환장하것어
33,0,아우 그게 되게 황당스러워
34,0,최악의 훈련소였어
35,0,어 지운이 휴학했어
36,0,종윤이 휴학했어
37,0,내가 흔들리잖어
38,0,눈물을 흘렸어
39,0,내가 먹었는데 여기다 흘렸어
40,0,벌써 내가 프로필을 흘렸어
41,0,흥분했어
42,0,진짜 힘들어
43,0,힘들어
44,0,그렇게 하면은 힘들어
45,0,너무 힘들어
46,0,그면 너무 힘들어
48,0,일학년 과목은 별로 안 힘들어
49,0,그럼 요런 게 힘들어
0,0,가자
1,0,철희야 가자
2,0,그거 보러 가자
3,0,그냥 많이 같이 천국 가자
6,0,거기 가자
7,0,그래 가자
9,0,그래 도서관 가자
12,0,학술 답사 가자
13,0,가자
14,0,이쪽으로 가자
15,0,넘어 가자
16,0,캐러비안베이 가자
17,0,이제 가자
18,0,툭 쳐서 가자
19,0,가자
21,0,오늘 집에 가자
22,0,이차 가자
23,0,보러 가자
24,0,야 보러 가자
25,0,요거 먹구서는 가 가자
26,0,데리고 가자
27,0,머리 하러 가자
28,0,자 가자
29,0,빨리 가자
30,0,이렇게 가자
31,0,이쪽으로 이렇게 가자
32,0,가자
33,0,아냐 아냐 쌈밥 먹으러 가자
35,0,어 어어 가자
36,0,바 달리 가자라고
37,0,어 그럼 용산만 갔다오자
38,0,건너자
39,0,예서 메뉴 고르자
40,0,양 많은 걸로 고르자
41,0,빨리 고르자
42,0,즐겁게 공부하자
43,0,나하고 같이 공유하자
44,0,그러자
45,0,아 그러자
46,0,좀 이따가 뭐 골뱅이무침 시키던지 그러자
47,0,잠깐만 저 선생님한테 한번 해 달라고 그러자
48,0,오빠한테두 쓰구 민자한테두 쓰구 그러자
0,0,밖에 나가서 먹자
1,0,이제 통성명했으면 밥 먹자
2,0,밥을 먹자
3,0,우리 밥 먹자
4,0,먹자
7,0,아이스크림 먹자
8,0,순대볶음 떡볶이 라볶이 뭐 이렇게 먹자
9,0,저거 먹자
10,0,그래 나가서 먹자
11,0,밖에 나가서 라면이나 먹자
12,0,에이 아무거나 먹자
13,0,아니야 친구야 먹자
14,0,지들끼리 먹자야
15,0,이거를 바꾸자
16,0,바꾸자
17,0,퍼스트한테 받자
18,0,돈 좀 벌자
19,0,만약에 실이익을 따져 보자
20,0,그러구 한 번 사회 나가서 보자
21,0,파워포인트 근까 목차를 한번 정해 보자
22,0,이가 아니요 제가 먼저 보자
23,0,이가 보자
24,0,클래식 있으면 클래식 보자
25,0,그믄 보자
26,0,보자
27,0,여기까지 딱 후다닥 해 보자
28,0,지영아 보자
29,0,아 이제 고만하구 이거 보자
30,0,이메일 본 거는 내일 한 시쯤 어디서 보자
31,0,디렉터로 보자
32,0,높은 데 보자
33,0,너 내가 나 너 나중에 한번 보자
34,0,영화 보자
35,0,보자
36,0,아 그림 한번 더  보자
38,0,한번 보자
39,0, 보자
40,0, 한번 보자
41,0,이제 삼육공을 보자
42,0,아니 아니 아니 이야기 들어 보자
43,0,입 그 이런 우리가 어차피 남은 두 시간 질의랑 토론으로 좀 많이 가 보자
44,0,보자
45,0,그러면 한번 해 보자
46,0,해 보자
47,0,여기까지 먼저 보자
48,0,말을 해 보자
49,0,나도 한번 들어 보자
0,0,그래 차돌백이 좀 먹어 보자
1,0,그런데 이렇게 생각을 해 보자
2,0,쭈물대서 좀 보기 좋게 해 보자
3,0,그래프를 딱 때려 보자
4,0,이 표본평균을 구 구해 보자
5,0,요거 한번 보자
7,0,이거는 보자
8,0,열심히 풀어 보자
9,0,그믄은 다시 한 번 해 보자
10,0,엔터를 띡 눌러 보자
11,0,빨리 읽어 보자
12,0,자 빨리 인제 해 보자
13,0,디비디로 보자
14,0,그거를 보자
15,0,야 딴 거 좀 보자
16,0,장국영의 유작을 한번 봐 보자
17,0,정치면을 보면서 얘기를 좀 해 보자
18,0,디렉터로 보자
19,0,같이 가 보자
20,0,그거에 대해서 얘기해 보자
21,0,확인을 해 보자
22,0,잠깐 꺼 가지구 앞으로 좀 돌려 보자
23,0,다른 뭔갈 해 보자
24,0,학창시절에 가장 좋아했던 선생님을 한번 얘기해 보자
25,0,가정 가족 가정에 대해서 얘기해 보자
26,0,이번 이번 중간고사의 계획을 한번 들어 보자
27,0,자 인제 시험에 대해서 얘기해 보자
28,0,음음 그거 한번 해 보자
29,0,보니까 무슨 찬지 모르겠지만 아무튼 거릴 좁혀 보자
30,0, 생각해 보자
31,0,어 천안에서 보자
32,0,저쪽으로 가 보자
33,0,저 뒤쪽으로 한번 가 보자
34,0,그래 뭐 되는 대로 해 보자
35,0,나하구 내 친구 머릴 써서 아 그럼 우리 도로 주행을 서울에서 보자
36,0,언제 한번 우진이가 사 주는 술 먹어 보자
37,0,따로 보자
38,0,다음에 한번 보자
39,0,아휴 어디 아줌마 명함 좀 받아 보자
40,0,공통점은 나중에 보자
41,0,디비디 바까 보자
42,0,정말 우리 한민족 전체의 어떤 통일에 대해서 얘기를 한번 해 보자라고
43,0,체력을 보충하자
44,0,그래 봤자야
45,0,불르 부르자
46,0,내가 법원 경매로 진휘야 우리 아파트 사자
47,0,사자
48,0,개구리 올챙이 적 생각하자
49,0,너는 선보자
0,0,아이 뭐 이 정도 하자
1,0,그럼 한 잔만 하자
2,0,그래서 진혜야 너 어떻게 해서 저거 하자
3,0,너 하자
4,0,우리 녹음이나 하자
5,0,오늘은 영어 하자
6,0,그건 나중에 하자
7,0,빨리 하자
8,0,오 분만 더 하자
9,0,십 분만 더 하자
10,0, 하자
11,0,제시를 하자
12,0,복습 한번 하자
13,0,오분만 쉬었다가 하자
14,0,분비되는 식사를 하자
15,0,고건 나중에 다시 한번 얘기를 하자
16,0,민머리 브라더스 하자
17,0,그냥 구경이나 하자
18,0,그만 하자
20,0,야 딴 데 가서 이차를 하자
21,0,어허 껐다 하자
22,0,이거 빨리 하자
23,0,아 조금만 더 하자
24,0,오늘 여기까지 하자
25,0,그까 안들을 내 와 가지고 그 안들을 가지고 여론 조사를 하자
26,0,그래 커피 한 잔 먹고 하자
27,0,네 명 중에 다 같이 하자
28,0,고만 하자
29,0,우리 오빠랑 똑같이 하자
30,0,께임이나 하자
31,0,모양을 좋게 해서 나가라고 하자
32,0,한 다발로 하자
33,0,그럼 삼 대 삼 하자
34,0,어 그래 다음에 뭐 어떻게 만나면 술이나 한잔하자
35,0,다 합치자
0,0,가난해
1,0,그렇다구 내가 말하기에 우리 집 되게 가난해
2,0,나 돈 없어 우리 집 진짜 가난해
3,0,어 야 돈 없어 가난해
4,0,우리 집이 솔직히 가난하다고 할 정도로 가난하지도 않지만 그냥 가난해
5,0,근까 나는 솔직히 뭐 돈 없어 가난해
6,0,애들이 뭐 하자 그러면 아 돈 없어 아이 우리 집 가난해
7,0,지금도 신청 가능해
8,0,어떤 방법으로 정밀한 조절이 가능해
9,0,응용 가능해
10,0,아 언덕은 가뿐해
11,0,너무 세상이 각박해
12,0,정우성이라는 존재가 너무 강력해
13,0,근데 굉장히 강하긴 강해
14,0,그런 거에 강해
15,0,언니 러시아에 강해
16,0,우리 종씨가 좀 이렇게 강해
17,0,강해
18,0,거만해
19,0,자세한 거 밝히길 거부해
20,0,근데 왜 걱정해
21,0,아 건배해
22,0,공주한테 끼워 주면서 둘이 결혼해
23,0,내 친구 결혼해
24,0,야 근데 왜 경주에서 결혼해
25,0,나머지 걸루만 계산해
26,0,언니 그렇게 계산해
27,0,재수강하면은 그걸 점수를 빼구 학점 평균을 계산해
28,0,계속해
29,0,그것두 계속해
30,0,고만해
31,0,그니까 고만해
32,0,뭐 국토지기 사람들 보고 싶구 막 외롭구 뭐 그래서 전화했대 그래서 그러면 뭐 고백해
33,0,정말 고소해
34,0,뭐가 곤란해
35,0,곤란해
36,0,아 곤란해
37,0,아냐 아냐 곤란해
38,0,칭칭 감구 막 곤란해
40,0,이러면 곤란해
41,0,곤란해
44,0,곤란해 곤란해
46,0,전기를 공급해
47,0,어떻게 공부해
48,0,시원하게 공부해
49,0,공부해
0,0,한복으로 뭘 해
1,0,보내면 아빠가 어떻게 해
2,0,미니시리즈 뭐 거짓말 해
3,0,미미 뭐 해
4,0,그럼 싸이넨스는 누가 해
5,0,뭐 많이 해
6,0,어 왜 이렇게 늦게 해
7,0,그렇게 일하고 학교 공부 어떻게 해
8,0,나한텐 왜 전화 안 해
9,0,거기랑 통화 통화 안 해
10,0,괜히 딱 갔는데 바코드 찍고 들어가면 얼마 허무해
11,0,허전해
12,0,기도를 드리고 오면 뭔가 빠진 거 같구 뭔가 좀 허전해
13,0,허접해
14,0,허접해
16,0,헌혈해
17,0,현란해
18,0,홀가분해
19,0,화끈해
20,0,맞어 맞어 그게 확실해
21,0,확실해
22,0,뭐 그 사람두 졸려서 제대루 확인해
23,0,공간을 활용해
24,0,되게 황당해
25,0,황당해
26,0,어우 황당해
27,0,영화가 황당해
28,0,자기가 얼마나 황당해
29,0,아니 근데 툼레이더 나는 게임 자체가 되게 황당해
30,0,열라 황당해해
31,0,후덥지근해
32,0,언니가 후회해
33,0,이 그 이념은 인간이 만들어 낸 이념 중에 가장 훌륭해
34,0,휴학해
35,0,정말 희박해
36,0,굉장히 희박해
37,0,되게 희한해
38,0,다 이렇게 모든 사람이 힘들어해
39,0,인자 방사선 마 한참 받으 열 열 번 넘어가니까 힘들어해
0,0,그래
1,0,가끔씩 그래
2,0,아 그래
3,0,가서 임종률 나와 봐 그래
4,0,어 그래
5,0,너한테 너가 따운 받아서 볼 수도 있고 그래
6,0,글도 남기고 그래
7,0,그런 애들이 그래
8,0,안 그래
11,0,그래
12,0,원래 그래
14,0,아 그래
15,0,지갑을 살려 그래
16,0,달라 그래
17,0,왜 벌써부터 막 그런 거 하고 그래
18,0,울려 그래
19,0,코엑스 좀 데꼬 가고 그래
20,0,돈 내구 바꿔 달라 그래
21,0,그냥 일년 동안 군대 다니는 것처럼 하라 그래
22,0,해묵은 얘기 계속하구 그래
23,0,좆이야 좆 좆까라 그래
24,0,시정하겠습니다 그러면 위에서 고참이 그래
25,0,진짜 그래
26,0,가끔 그래
27,0, 왜 그래
28,0,아 옛날에야 그랬지 지금은 안 그래
29,0,그건 그래
32,0,그러니까 얘네들은 그래
33,0,나도 그건 좀 그래
34,0,스터디하는 형들은 그래
35,0,알씨 알씨에서 말하는 어휘가 달라서 그래
36,0,조까지 말라 그래
37,0,거기서 왜 그래
39,0,왜 그래
40,0,뭐 그런 것두 독일 영화였는데 그것두 지금 개봉하고 그래
41,0,그랬더니 저 볼링 못 쳐요 그래
42,0,그럼 이 형한테 보여 달라 그래
45,0,그 사람들은 그래
47,0,블랙 좀 깔지 말라고 그래
48,0,아무도 안 그래
49,0,저기 저 모든 이큐가 다 그래
4,0,아 여기 괜찮네
6,0,어 선생님이 괜찮네
9,0,갑자기 궁금해지네
16,0,됐다가 안 됐다가 그러네
18,0,음 그러네
19,0,다들 그러네
20,0,아 그러네
21,0,근까 넌 그러네
22,0,진짜 그러네
23,0,오 그러네
24,0,가장 문제가 되는 부분이기두 하구 그러네
25,0,아우 너무 숨길라 그러네
26,0,그러네
27,0,나이 차이가 동생이랑 더 있으면 더 그러네
28,0,아 그러네
29,0,길을 다니면서 한번도 이상하다고 생각해 본 적이 없는데 이 글을 읽고 나서 어 정말 그러네
30,0,목사님 씰데없는 질문하지 말라 그러시겠네
31,0,시켜 놓고 너무 아무것도 안 하니까 그렇네
32,0,그렇네
33,0,그렇네
36,0,상 상당히 그렇네
37,0,그건 그렇네
38,0,얘 근처네
39,0,기네
40,0,한참 기다렸겠네
41,0,엄마가 잘못 길렀네
42,0,학교 이름 맨날 까먹네
43,0,논문 제목을 까먹었네
44,0,그 감독이 되게 유명한 감독인데 이름은 내가 까먹었네
45,0,어 나는 되게 아우 파워포인트도 잘하구 되게 깔끔하네
46,0,오 분이면 오 분이면 끝나겠네
47,0,모든 방학이 다 끝났네
48,0,방학은 끝났네
49,0,세미나라고 할까 봐 빨리 끝냈네
23,0,거기만 잠겼으면 괜찮은데 또 수도 파이프가 또 나가 버렸네
24,0,야오 임금님이 벌거벗었네
25,0,와 돈도 많이 벌었겠네
26,0,저 새끼 변절자네
27,0,별루네
28,0,별루네
29,0,일이삼월 해 가지고 일년에 한 네 번 보겠네
30,0,여러 번 해 보겠네
31,0,살이 빠졌나 보네
32,0,손등도 보네
33,0,일편인가 보네
34,0,선생님들이 그렇게 많이 안 오나 보네
35,0,내가 본 거는 안 보네
36,0,어 걔 안 나갔냐 어 딴 사람이 나갔나 보네
37,0,얜 손등도 보네
38,0,그런가 보네
39,0,너 살 빠졌나 보네
40,0,되게 좋아했나 보네
41,0,아직도 저 병원에 사람이 가나 보네
42,0,티비에 티비에서도 많이 나오나 보네
43,0,어제 못 보셨네
44,0,보이네
45,0,룰링이 안 보이네
46,0, 잘 보이네
47,0,뭐 닭갈비집은 안 보이네
48,0,옷감이 안 보이네
49,0,복잡하네
0,0,열흘이네
3,0,와 예쁘네
5,0,더 이상 안 오네
6,0,차 하루 종일 연락 한 통 안 오더니 이런 때 전화가 오네
19,0,이렇게 해서 집까지 다 외웠네
27,0,아니 요거 위험하네
38,0,잡구는 자기 뭐 오늘은 이랬네
39,0,아 여기는 이렇네
43,0,아 씨 이상하네
45,0,이상하네
47,0,십 이십 점 이십이네
9,0,피 플러스 큐네
16,0,어 큰일났네
30,0,튀네
36,0,파란만장하네
39,0,백 프로겠네
40,0,아 꽃이 피었네
41,0,나팔꽃이 피었네
44,0,더 이상은 못 하겠네
46,0,내 내일 하겠네
48,0,이게 지금 표시가 이렇게 되니까 또 엑스표를 못 하겠네
0,0,난 집안 가난하니
1,0,어떻게 가니
2,0,이제 어디 가니
3,0,너 장가 언제 가니
4,0,내가 웬만하면 남자 얼굴 보고 안 가잖니
5,0,엄마가 널 예뻐하는 거 같니
6,0,가서 뭐 했을 거 같니
7,0,엄마가 널 예뻐하는 거 같니 아빠가 널 예뻐하는 거 같니
8,0,내가 행사 이십 일 동안 하면서 한 십 킬로 정도가 갑자기 빠졌어 이십 뭐야 한 한 달 동안 십 킬로가 빠진 거고 얼마나 많이 빠진 거니
9,0,니가 지금 이러는 거니
10,0,저 뭐야 밥 먹으러 갈 거니
11,0,그 미용실 언니가 추천해 준 거니
12,0,그래서 너는 재수 학원 다닐 거니
13,0,고갱 언제 결혼하니
14,0,너 결혼했니
15,0,그런 도박 쪽에 직업을 갖고 계시니
16,0,공부하니
17,0,근데 모자 쓰구 나가면서 모자 쓰구 가두 괜찮니
18,0,중간에 또 괜찮니
19,0,브이 엑스는 또 어떻게 구하니
20,0,내가 그랬니
21,0,화요일날 다 된다 그랬니
22,0,그러니
23,0,짜식 그거 갖다 그러니
24,0,그러니
25,0,넌 안 그러니
26,0,아 쟤는 지 알아서 다 하는데 너 왜 그르니
27,0,너 머리 왜 이렇게 많이 길었니
28,0,너 지니 깔았니
29,0,아 너 수업 끝났니
30,0,그래 그러면은 내일 내일 마지막 나가니
31,0,막창은 그냥 구워서 나오니
32,0,막창은 어떻게 나오니
33,0,너 월요일날 나오니
34,0,그래 넌 넌 얼마 나왔니
35,0,자 그러면 결국에 여기 이천까지 있을 때 뭐 며 몇까지 묶이고 뭐가 남겠니
36,0,내려가니
37,0,얘들아 냈니
38,0,왜 엄마 손을 놓니
39,0,누가 누구니야
40,0,이 야심한 밤에 누구니
41,0,잘려구 누웠니
42,0,이는 어때 졸업하니까 그런 거 뼈저리게 느끼니 안 느끼니
43,0,이는 어때 졸업하니까 그런 거 뼈저리게 느끼니
44,0,왜 이렇게 느끼하니
45,0,왜 이렇게 느끼하니
46,0,어 많이 늘었니
47,0,다병소수유약물이니
48,0,어떻게 됐니
49,0,너 거기 웬일루 어떻게 해서 거기 가서 하게 됐니
0,0,뭐 꽹과리보고는 넌 접시가 될 뻔했다가 꽹과리가 됐니
1,0,요청할 수 있니 물어봐도 되겠니
2,0,그러면 이 경우가 되겠니 이 경우가 되겠니
3,0,그러면 이 경우가 되겠니
4,0,어떻게 니 일을 엄마가 몰라도 되니
5,0,부탁 좀 요청해도 되니
6,0,내가 너한테 요청해도 되니
7,0,어디 뭐여 선배 말을 어디 듣니
8,0,어디루 들어가니
9,0,너 언제 들어갔니
10,0,내가 또 면허 또 삼일 만에 땄잖니
11,0,왜 넌 벌벌벌 떠니
12,0,가격은 똑같니
13,0,뭐 이번에는 누구 만났니
14,0,이건 어떻게 만들었니
15,0,거기에다가 또 시행착오가 얼마나 많겠니
16,0,아무튼 삼번에 응 왜 그렇게 말랐니
17,0,응 왜 그렇게 말랐니
18,0,나보고 어쩌란 말이니
19,0,내 추측이 맞니
20,0,먹니
21,0,어머 내가 언제 이걸 다 먹었니
22,0,계란을 언제부터 말하고 먹었니
23,0,모르겠니
24,0,몰랐니
25,0,어머 그런 거 무서워하니
26,0,이게 이쪽으로 넘어오면 뭐니
27,0,그럼 역원이 존재한다는 얘기는 뭐니
28,0,소울메이트가 뭐니
29,0,자네는 이름이 뭐니
30,0,이거 전개했을 때에 이 숫자가 그냥 실수가 돼야 된다는 얘기는 뭐니
31,0,월급 언제 받니
32,0,너 쪽지 받았니
33,0,영하 이거 받았니
34,0,혹시 이게 주제와 많이 벗어났니
35,0,이 험한 세상을 아주 낙천적으로 보내잖니
36,0,걔가 얘기하는 거 이제 들어 보니
37,0,요즘에도 니네 집 조선일보 보니
38,0,돼지와 말이 보이니
39,0,리처드바크 소설은 약간 좀 이렇게 잔잔하잖아 좀 느낌이 어떤 선 읽어 봤니
40,0,지원아 안 봤니
41,0,간장 마이크라고 들어 봤니
42,0,너 홈페이지 봤니
43,0,너네 나의 왼발 그 봤니
44,0,소울메이트라는 책 읽어 봤니
45,0,음 리처드바크의 저거 읽어 봤니
46,0,그 청담동 가 봤니
47,0,겨울 굴 먹어 봤니
48,0,근데 현실적으로는 지금 그거를 선택하기가 불가능하잖니
49,0,너는 친구들 선물 사면 좀 보통 뭐 사니
0,0,종혁이는 이 동네에서 오래 살았니
1,0,너 주식 샀니
2,0,책 샀니
3,0,야 니네 다 저거 뭐야 출신지가 다 서울이니
4,0,이소연이가 지금 스물 아홉이니 아홉 수니
5,0,돈 버는 게 쉽겠니
6,0,장장 열 시간을 가야 되는데 얼마나 심심하겠니
7,0,오늘 십오일이니
8,0,세현아 너 진짜 태권도가 배우구 싶니
9,0,왜 이렇게 신 게 먹고 싶니
10,0,몇 번 싸웠니
11,0,그러면 또 싸웠니
12,0,너 뭐 하느라 썼니
13,0,가슴을 쓸어내리니
14,0,음 참 손 근데 손은 씻었니
15,0,그래 갖고 내가 아니
16,0,이라는 애 아니
17,0,나랑 똑같은 거 아니니
18,0,좀 아프니
19,0,이소연이가 지금 스물 아홉이니
20,0,근데 우리 진도 좀 나가야 되지 않겠니
21,0,그렇지 않겠니
22,0,그런 것두 있어야 되지 않겠니
23,0,근데 그게 엄청나게 비싸지 않겠니
24,0,야 한 번은 튕겨야 되지 않겠니
25,0,근데 오늘도 나오는데 요금이 또 올랐지 않겠니
26,0,나 나두 힘 힘을 얻지 않니
27,0,그래두 내가 나 나 나름대루는 되게 젊게 하고 다니는데 그래도 젊어 보이지 않니
28,0,막 변하지 않니
29,0,이 틀리지 않니
30,0,나 너무 불쌍하지 않니
31,0,그럼 미치지 않니
32,0,조금 뭔가가 남성스럽고 힘 있어 보이지 않니
33,0,재밌지 않니
34,0,니도 보통 일곱 시 반에 일어나지 않니
35,0,전화 통화 정말 특이하게 하지 않니
36,0,선식이나 생식이나 다 별로 상관없지 않니
37,0,나는 아예 없지 않니
38,0,많지 않니
39,0,약간 얘는 욕심이 좀 많지 않니
40,0,잘 안 쓰지 않니
41,0,근데 그건 상태라는 말로 쓰지 않니
42,0,근데  표현을 영어로 하면 웃기지 않니
43,0,거기 뉴코아도 가깝지 않니
44,0,사면은 막 뿌듯하고 그러지 않니
45,0,마이나스 십오라고 얘기하지 않았니
46,0,너 이제까지 거짓말을 하는지 알았니
47,0,다병 병 많은 이 내 몸 소수 필요한 바 유약물 오직 약물이니
48,0,어디니
49,0,몸은 좀 어떠니
0,0,졸업도 했는데 뭐 어떠니
1,0,이렇게 잠이 많아 가지구 어떡하니
2,0,분산은 어떻니
3,0,니네 수업 언제니
4,0,다음주에는 숙제 없니
5,0,남자 친구 다들 없니
6,0,남자 친구 없니
7,0,음 니들 잠 오니
8,0,야 밥 먹고 이제 오니
9,0,이거 왜 안 오니
10,0,이런 데 자주 오니
11,0,하면서 하면서 이렇게 하다 이렇게 올라가니
12,0,얘들아 어떻게 그 나무 위에 올라갔니
13,0,뭐 누가 왔니
14,0,누가 왔니
15,0,웬일이니
16,0,웬일이니
17,0,얘가 이거잖니
18,0,어 이게 왜 이러니
19,0,이해했니
20,0,너 몇 시에 일어나니
21,0,요청할 수 있니
22,0,내가 할 수 있니
23,0,그래서 넌 지금 뭐 하고 있니
24,0,어 나두 문자에 너 살아 있니
25,0,질투하고 있니
26,0,근처에 편의점 있니
27,0,그가 뭐하고 있니
28,0,있니
29,0,해 줄 수 있니
30,0,도움을 줄 수 있니
31,0,손을 줄 수 있니
32,0,너 나에게 줄 수 있니
33,0,도와 줄 수 있니
34,0,줄 수 있니
35,0,내 부탁 좀 들어줄 수 있니
36,0,나를 위해서 호의를 해 줄 수 있니
37,0,너가 해 줄 수 있니
38,0,요청할 수 있니
39,0,호의할 수 있니
41,0,내가 요청할 수 있니
43,0,내 거에 내 거에 요청할 수 있니
44,0,뭐 뭐에 요청할 수 있니
45,0,이거에 답할 수 있니
47,0,내가 너한테 도울 수 있니
48,0,나한테 도움을 좀 줄 수 있니
49,0,너 나한테 도움을 좀 줄 수 있니
0,0,나한테 할 수 있니
2,0,나 좀 도와 줄 수 있니
3,0,너 할 수 있니
4,0,할 수 있니
5,0,내 말에 답할 수 있니
6,0,마이크 이거에 답할 수 있니
7,0,여기로 가서 매뉴얼 받은 거 있니
8,0,니가 왜 이런 걸 하고 있니
9,0,정말 입교할 생각이 있니
10,0,그 팝폴더를 알고 있니
11,0,아직까지 있니
12,0,말해 줄 수 있니잖아
13,0,오늘 학교에서 무슨 일이 있었니
14,0,몇 시간 자니
15,0,내가 오빠 좀 검색을 잘하잖니
16,0,왜 엄마 치마를 잡니
17,0,재밌니
18,0,재밌었니
19,0,니 니가 저거니
20,0,정말 그런 기계가 있으면 얼마나 좋겠니
21,0,왜 나 같은 여자를 좋아하니
22,0,겉으로는 너 왜 나 같은 애를 좋아하니
23,0,극성스러운 여자 좋아하니
24,0,어차피 난 그런 걸 좋아하잖니
25,0,뭐 뭐 해 주겠니
26,0,해 주겠니
28,0,엠에스엔 로그인 중이니
29,0,그 어떻게 지내니
30,0,그 그 어떻게 지내니
31,0,진혜야 잘 지내니
32,0,중간에 또 괜찮니 잘 지내니
33,0,오빠랑 있는 게 지루하니
34,0,어 진혜 찔리니
35,0,엄지 발가락 쪽만 계속 찢어지냐
36,0,아 오늘은 어디 할 차례니
37,0,어떻게 처치했니
38,0,칠구니
39,0,왜 태어나니
40,0,왜 태어났니
41,0,왜 태어났니
42,0,근데 그게 처음부터 들어오면은 틀리잖니
43,0,팔공이니
44,0,뭐가 필요하겠니
45,0,상대방 알려고 알려고 한다면 얼마나 많은 노력이 필요하겠니
46,0,근데 누가 요즘 세 명을 낳을라고 하겠니
47,0,내가 워낙 체육을 못 하니
48,0,뭐 하니
49,0,니는 무슨 운동을 제일 잘 하니
0,0,안 돼
1,0,사회 제도가 잘 안 돼
2,0,일억이 당첨이 돼
3,0,그래서 결국 이게 역전이 돼
5,0,나중에 안 돼
6,0,그래 유월달에 봐야 돼
7,0,점수가 있어야 돼
8,0,못 보지 다시 봐야 돼
9,0,아 말두 안 돼
10,0,락이라는 카테고리 안에 묶일 수 있게 돼
11,0,무대 예술이 돼
12,0,기본기가 안 돼
13,0,말이 돼
14,0,내가 그런 모습이 돼
15,0,내가 만약 그런 매너리즘에 빠진 그런 교사가 돼
16,0,돼
17,0,몰라두 돼
18,0,세 명이 동시로 들어가게 돼
19,0,그냥은 안 돼
20,0,지금 시험 때 돼
21,0,지금 어떻게 돼
22,0,알티는 맞아야 돼
23,0,우리가 기도를 해야 돼
24,0,그냥 간단히 얘기하면 돼
25,0,격리가 돼
26,0,근데 뭐 해결해야 돼
27,0,어떻게 보면은 아직까지 공감대가 크게 형성이 돼
28,0,이렇게 혁신적인 편집이 되게 잘 돼
29,0,넌 맨날 시험 공부 잘 돼
30,0,아 소화 안 돼
31,0,가 가지구 다시 한 번 얘기해야 돼
32,0,한 덩어리가 돼
33,0,뒤범벅이 돼
34,0,한 번 한 번쯤은 겪어 봐야 돼
35,0,수비수는 한 번 못 하면 병신 돼
36,0,다 돼
37,0,절대 얘기해 주면 안 돼
39,0,나 논술 첨삭도 해야 돼
40,0,아니 과방에다 딱 시켜 놨는데 시키자마자 사람들이 들어오더니 포화 상태가 돼
41,0,난 아무거나 돼
42,0,영어가 세계어인가 아닌가가 돼
43,0,두 장 넘어가면 돼
44,0,저같이 굉장히 말뭉치 다루는 거에 어느 정도 훈련이 돼
45,0,아 분자가 자연스럽게 영이 되면서 그냥 영이 돼
46,0,이렇게 돼
47,0,이걸 전개시켜 주면 어떻게 돼
48,0,어떻게 돼
49,0,그럼 어떻게 돼
0,0,한편으로 썰렁하다는 말이 유행이 돼
1,0,그리고 그 부사가 접두화가 돼
2,0,그리구 뭐 말이 안 되면은 그냥 소리만 지르면 돼
3,0,근까 지금 자 요 첨부 일이라구 돼
6,0,그까 지금 첫째 둘째 안 돼
7,0,어려움을 당하게 돼
8,0,그거 들어가서 입력이 다 돼
9,0,겨울이 돼
10,0,근데 이 공동체 중에 만약에 어떤 한 개라두 제대루 돼
11,0,근데 이제 유월루 돼
12,0,주민등록상 칠칠루 돼
13,0,마이크 사용을 안 돼
14,0,내가 막 말을 많이 해야 돼
15,0,근깐 파란색 황색 이렇게 돼
16,0,그럼 빨리 건너야 돼
17,0,바로 체크가 돼
18,0,도로 주행은 이게 운대가 정말 맞아야 돼
19,0,딴 사람이 브레이크 잡을 수 있게 돼
20,0,그믄 점심 때쯤 돼
21,0,애들을 잘 달래야 돼
22,0,고 놈들이 중학교하고 연계가 돼
23,0,쇠로 돼
24,0,몇 학년 몇 학년이 그렇게 돼
25,0,협약 사항이니까 우리는 실천을 해야 돼
26,0,아니 그것도 인제 당연히 없애게 돼
27,0,그런 체질이 돼
28,0,사 가지구 여덟 시 아홉 시 다 돼
29,0,이십사 학점을 들을 수 있도록 해야 돼
30,0,그 폐강되면 안 돼
31,0,고민 돼
32,0,학년이 삼학년으로 돼
33,0,뭐 칠학기 이상이어야 돼
34,0,처음에 그래 잘했어 해야 돼
35,0,나도 걱정이 돼
36,0,독한 남자는 안 돼
37,0,마지막에 항상 그렇게 돼
38,0,내가 데리고 살면 돼
39,0,계속해야 돼
40,0,어떻게 해야 돼
41,0,술 값 니가 내야 돼
42,0,아 그것도 알아야 돼
43,0,것두 여섯 시 막 다 돼
44,0,가명으로 하면 안 돼
45,0,동의서를 받아야 돼
46,0,그게 한 달도 안 돼
47,0,먹어도 돼
48,0,대신 이제 사유서 써 내야 돼
49,0,사오정 돼
0,0,너 너는 안 돼
1,0,한 시간이라두 해두 돼
2,0,다 알아야 돼
3,0,내가 어느 정도는 생각을 하고 그렇게 써야 돼
4,0,그거 반대로 가서 타야 돼
5,0,어 내가 해결이 안 돼
6,0,얼굴도 돼
7,0,돼
9,0,그 아아 이러면 안 돼
10,0,그렇겐 안 돼
11,0,거기서 갈아 갖고 오면 돼
12,0,아 근까 세 끼는 먹어야 돼
13,0,우리가 신청하면은 이렇게 한 빡스 보내 주면 안 돼
14,0,근데 막 찌구 있다고 느낄 때는 아무리 노력해도 안 돼
15,0,오백 명 정원을 딱 넘으면 안 돼
16,0,저거 닫아야 돼
17,0,그거를 이름을 아니 그까 전 전화번호를 알고 있어야 돼
18,0,나 이해 안 돼
19,0,상상이 안 돼
20,0,안 돼
21,0,삼 점 영만 넘으면 돼
22,0,그냥 얘기하면 돼
23,0,얇은 걸로 해야 돼
24,0,말두 안 돼
26,0,그래야 돼
27,0,이제 혼자서 책을 딱 만들어서 띡 던져 주면 안 돼
28,0,이 이거하고 이거에서 다 빼면 이게 답이 뭐가 나와 돼
29,0,팔팔은 뭐 그냥 기존에 면허증만 가주 있으면 돼
30,0,왜 안 돼
31,0,완전 주차 하다가 괜히 빠져나오지도 못하구 뭐 가지두 못하구 막 넘어가고 이러면은 거기서부터는 사람이 긴장하게 돼
32,0,가 가서 하문 돼
33,0,우리가 왜 꼭 신문을 이런 신문을 만들어야 돼
34,0,근데 안 돼
35,0,순서가 이렇게 돼
36,0,웃으면 안 돼
37,0,좀만 쉬다 가면 안 돼
38,0,여왕 여왕 한번 쏘면 시녀 돼
39,0,어 그니까 근데 끝까지 안 돼
40,0,날씨가 좋아야 돼
41,0,삼성 거 써야 돼
42,0,나쁜 놈으로 몰면 안 돼
43,0,아 이제 돼
44,0,들어야 돼
45,0,막 교양으로 들으면 돼
46,0,들으면 돼
47,0,그렇게 돼
48,0,애들이 갈수록 학력이 저하가 돼
49,0,공부해야 돼
0,0,난 저녁 많이 먹어두 돼
1,0,처음부터 그렇게 무리하면 안 돼
2,0,그래 붕 붕 가 버리는 거 세 번 하고 나서 인제 목적지를 얘기를 해야 돼
3,0,잘 골라야 돼
4,0,근데 그렇게 돼 이상하게 그렇게 돼
5,0,그럼 쏘니 걸 사 줘야 돼
6,0,해석 돼
7,0,독해가 돼
8,0,이렇게 해야 돼
9,0,아 카드가 안 돼
10,0,진짜 아비대사 하면 안 돼
11,0,그냥 표를 끊어야 돼
12,0,나 참치 김밥에 냉모밀 먹어도 돼
13,0,그게 말이 돼
14,0,그게 돼
16,0,먹어두 돼
17,0,이러고 있어야 돼
18,0,이렇게 하면 돼
19,0,한 명이 꼭 그런 놈 있어 그러면  써야 돼
20,0,몇 점 이상 맞아야 돼
21,0,걔네 왜 안 돼
22,0,몇 분 동안 풀어야 돼
23,0,흡혈귀 안 돼
24,0,걘 안 돼
25,0,어떻게 해야 돼
26,0,그럼 어떻게 해 주면 돼
27,0,어떻게 돼
28,0,이게 바로 어떻게 돼
30,0,모평균의 분산은 어떻게 돼
32,0,선생님 봐도 돼
33,0,그것도 안 돼
34,0,에스는 어떻게 된다 어뜨 어 에스에서는 어 뭘 묶어야 돼
35,0,육 비비로 가면 어떻게 돼
36,0,돼
37,0,녹음이 돼
38,0,우리 거 줘야 돼
39,0,이랑 민 민 민용 이건 되는데 이는 뭐가 돼
40,0,거기 티티엘 돼
41,0,말이 돼
44,0,내일은 몇 시까지 가면 돼
45,0,안 되긴 뭐가 안 돼
47,0,피가 어떻게 돼
48,0,정리해 주면 어떻게 돼
49,0,이거 이거여야지 돼
0,0,내가 곧 돌아오마
1,0,네가 아직까지 혼자 살고 있으니 내가 어여쁜 색시를 얻어 주마
2,0,그런 식으로 말 좀하지마
3,0,어떤 건지 직접 보여주마
4,0,아니 그런 얘긴 하지마
5,0,아 말시키지마
6,0,물어 보지마
7,0,결론은 내가 막 너 앞으로 그러지마
8,0,맨 안쪽 화장실 가지마
9,0,이렇게 일 열심히 한다군 알리지마
10,0,나중에 좀 커지잖아 웃기지마
11,0,구칠 어딨어 전화기 성질승질 내지마
12,0,밥해 달라구 얘기도 하지마
13,0,어 나 나 쳐다보지마
14,0,신경쓰지마
15,0,눈 깔어 눈 깔어 눈 깔어 이 새끼야 울지마
16,0,뭐 안 좋으니까 보지마
17,0,내 시장에 가서 돈을 많이 벌어오마
18,0,빨리 다녀오마
19,0,더 이상 알려고 하지마
20,0,나한테 말 좀 시키지마
21,0,왜 계속 나 따라하는 거야 나 따라 하지마
22,0,아 절대 안돼 엄마한테 말 하지마
23,0,가지마
24,0,다신 연락 하지마
0,0,그냥 용산 나 혼자 가까
1,0,인사 드리러 가까
2,0,인사하러 가까
3,0,나랑 가까
4,0,가까
5,0,그러까
6,0,아 내가 같은 여잔데 엄마는 그러까
7,0,왜 그러까
8,0,근데 왜 그르까
9,0,번지점프하다도 이 한국말로 치면 다 기까
10,0,띄워 노까
11,0,내가 한번 띄워 노까
12,0,그러믄 저 아침에 일찍 일어나 보라매 가서 내가 예약해 노까
13,0,근데 딴 거 그냥 추천해서  립스틱이 막 조금 있다 놔두까
14,0,이건 어떻게 해야 되까
15,0,그 이 주일 해서 공부가 되까
16,0,다음달에 따까
17,0,주까 마까
18,0,북한에서 핵을 만들까
19,0,야한 거 끝에 한 장면 조금 나올까 말까
20,0,아 그믄 암 말두 하지 말까
21,0,라는 게 어떻게 말하까
22,0,거기 가 보까
23,0,꺼 보까
24,0,표현을 해 보까
25,0,요까지만 한 번 생각해 보까
26,0,찾아 보까
27,0,그 한테 한번 해 보까
28,0,해 보까
29,0,자 이제 칠과를 해 보까
30,0,외무 고시나 보까
31,0,그냥 음 한번 보까
32,0,책 채두석이랑 세 명 해 가지구 이야기시 분석하까
33,0,아 나 핸들 사까
34,0,그 친구가 이 얘길 들으면 얼마나 슬프까
35,0,그래 갖고 해 오까
36,0,밥 세 개 주세요 이러까
37,0,근데 너 오늘 무슨 얘기해 주까
38,0,어머니가 맨날 뭐 해 주까
40,0,한번 더 감아 주까
41,0,주까
42,0,사미인곡 자료 있는데 주까
43,0,아이 그래 갖고 붙여 주까
44,0,니가 테입 하나 주면 내가 녹음해 주까
45,0,이럴 때 화장을 딱 시켜 버려 그럼 더 진하게 해 주까
46,0, 만들어 주까
47,0,논의 대상에 넘겨 주까
48,0,어떻게 뭐 뭐 보쌈 하나 시켜 주까
49,0,쌈장 좀 묻혀 주까
0,0,너 같이 하까
1,0,오늘 어디까지 하까
2,0,자 오늘 오늘 어디까지 하까
3,0,나는 그럼 운동이나 좀 하까
0,0,동강 가깝나
1,0,기계과는 어디 가나
2,0,아 학점으로 십년 가나
3,0,어디 가나
4,0, 가나
6,0,개뿔도 없는데 뭔 장가를 가나
7,0,저거 언제 장가 가나
8,0,언제 가나
9,0,누구랑 보러 가나
10,0,아 논산에서도 전방으로 가나
11,0,대대장이 안 갈구나
12,0,좋은 데로 갔나
13,0, 씨가 여덟 시 반쯤에 갔고 내가 여덟 시 한 사십 분 오십 분 그쯤에 갔나
14,0,기말 바로 갔나
15,0,팔월달에 갔나
16,0,병장들도 옛날 같나
17,0,개혁이었나
18,0,아 그게 정수 오빠 얘기하는 거나
19,0,아 내가 컨닝할 줄 알고 왔다 갔다 거리나
20,0,여기가 쉬운 거였나
21,0,똑같은 거였나
22,0,오 그런 거였나
23,0,건드렸나
24,0,기억 상실증에 걸리나
25,0,안 고장났나
26,0,뭐 공부하나
27,0,아 이거 땜에 진짜 목숨 걸구 공부했나
28,0,이거 괜찮나
29,0,일본은 괜찮나
30,0,그런 이상한 재료 넣구 먹어두 괜찮나
31,0, 도 구하나
32,0,그 니가 그랬나
33,0,그건 거기에 집어넣자고 그랬나
34,0,그랬나
35,0,몇 비비가 있다 그랬나
36,0,내 친구는 뭐 컴활 이런 게 더 어렵다고 그랬나
37,0,실추라고 뭐 그랬나
39,0,그랬나
42,0,선훈이 오빠가 여동생 있다 그랬나
45,0,백수라고 할껄 그랬나
46,0,십팔이라 그랬었나
47,0, 불성실 이런 것 땜에 그러나
48,0,그러면은 아 육군이 모자르니까 육군을 쭐이면은 육군으로 사람들이 더 많이 갈 거라고 그런 거 땜에 그러나
49,0,무기가 좀 달라 달라졌다 그러나
